img,label,area,perimeter
L-04-2 Cryo Exp 20 ms Gain 1 Satur 100.tif,1,463,80.18376618407356
L-04-2 Cryo Exp 20 ms Gain 1 Satur 100.tif,2,628,91.01219330881975
L-04-2 Cryo Exp 20 ms Gain 1 Satur 100.tif,3,969,115.25483399593904
L-04-2 Cryo Exp 20 ms Gain 1 Satur 100.tif,4,620,91.01219330881975
L-04-2 Cryo Exp 20 ms Gain 1 Satur 100.tif,5,668,96.66904755831214
L-04-2 Cryo Exp 20 ms Gain 1 Satur 100.tif,6,925,113.49747468305833
L-04-2 Cryo Exp 20 ms Gain 1 Satur 100.tif,7,629,93.01219330881975
L-04-2 Cryo Exp 20 ms Gain 1 Satur 100.tif,8,278,60.8700576850888
L-04-2 Cryo Exp 20 ms Gain 1 Satur 100.tif,9,768,103.74011537017762
L-04-2 Cryo Exp 20 ms Gain 1 Satur 100.tif,10,628,93.84062043356593
L-04-2 Cryo Exp 20 ms Gain 1 Satur 100.tif,11,745,100.32590180780451
L-04-2 Cryo Exp 20 ms Gain 1 Satur 100.tif,12,418,75.35533905932738
L-04-2 Cryo Exp 20 ms Gain 1 Satur 100.tif,13,690,98.66904755831213
L-04-2 Cryo Exp 20 ms Gain 1 Satur 100.tif,14,885,112.91168824543142
L-04-2 Cryo Exp 20 ms Gain 1 Satur 100.tif,15,381,71.35533905932738
L-04-2 Cryo Exp 20 ms Gain 1 Satur 100.tif,16,1808,157.53910524340094
L-04-2 Cryo Exp 20 ms Gain 1 Satur 100.tif,17,426,76.76955262170047
L-04-2 Cryo Exp 20 ms Gain 1 Satur 100.tif,18,934,116.22539674441617
L-04-2 Cryo Exp 20 ms Gain 1 Satur 100.tif,19,834,107.1543289325507
L-04-2 Cryo Exp 20 ms Gain 1 Satur 100.tif,20,804,104.91168824543142
L-04-2 Cryo Exp 20 ms Gain 1 Satur 100.tif,21,411,81.01219330881975
L-04-2 Cryo Exp 20 ms Gain 1 Satur 100.tif,22,839,106.66904755831214
L-04-2 Cryo Exp 20 ms Gain 1 Satur 100.tif,23,319,65.11269837220809
L-04-2 Cryo Exp 20 ms Gain 1 Satur 100.tif,24,244,58.04163056034261
L-04-2 Cryo Exp 20 ms Gain 1 Satur 100.tif,25,828,111.39696961966999
L-04-2 Cryo Exp 20 ms Gain 1 Satur 100.tif,26,641,96.08326112068522
L-04-2 Cryo Exp 20 ms Gain 1 Satur 100.tif,27,436,76.76955262170046
L-04-2 Cryo Exp 20 ms Gain 1 Satur 100.tif,28,939,113.9827560572969
L-04-2 Cryo Exp 20 ms Gain 1 Satur 100.tif,29,402,71.94112549695429
L-04-2 Cryo Exp 20 ms Gain 1 Satur 100.tif,30,526,86.76955262170047
L-04-2 Cryo Exp 20 ms Gain 1 Satur 100.tif,31,492,81.84062043356595
L-04-2 Cryo Exp 20 ms Gain 1 Satur 100.tif,32,554,87.01219330881975
L-04-2 Cryo Exp 20 ms Gain 1 Satur 100.tif,33,261,58.8700576850888
L-04-2 Cryo Exp 20 ms Gain 1 Satur 100.tif,34,964,115.74011537017762
L-04-2 Cryo Exp 20 ms Gain 1 Satur 100.tif,35,833,107.98275605729688
L-04-2 Cryo Exp 20 ms Gain 1 Satur 100.tif,36,589,92.66904755831214
L-04-2 Cryo Exp 20 ms Gain 1 Satur 100.tif,37,710,102.32590180780451
L-04-2 Cryo Exp 20 ms Gain 1 Satur 100.tif,38,370,70.18376618407356
L-04-2 Cryo Exp 20 ms Gain 1 Satur 100.tif,39,503,82.76955262170046
L-04-2 Cryo Exp 20 ms Gain 1 Satur 100.tif,40,661,96.66904755831214
L-04-2 Cryo Exp 20 ms Gain 1 Satur 100.tif,41,1335,140.3259018078045
L-04-2 Cryo Exp 20 ms Gain 1 Satur 100.tif,42,990,117.9827560572969
L-04-2 Cryo Exp 20 ms Gain 1 Satur 100.tif,43,497,84.66904755831214
L-04-2 Cryo Exp 20 ms Gain 1 Satur 100.tif,44,789,106.91168824543142
L-04-2 Cryo Exp 20 ms Gain 1 Satur 100.tif,45,265,59.4558441227157
L-04-2 Cryo Exp 20 ms Gain 1 Satur 100.tif,46,445,78.18376618407356
L-04-2 Cryo Exp 20 ms Gain 1 Satur 100.tif,47,1410,148.95331880577402
L-04-2 Cryo Exp 20 ms Gain 1 Satur 100.tif,48,629,97.59797974644665
L-04-2 Cryo Exp 20 ms Gain 1 Satur 100.tif,49,316,63.698484809834994
L-04-2 Cryo Exp 20 ms Gain 1 Satur 100.tif,50,949,115.1543289325507
L-04-2 Cryo Exp 20 ms Gain 1 Satur 100.tif,51,593,99.94112549695427
L-04-2 Cryo Exp 20 ms Gain 1 Satur 100.tif,52,1007,118.5685424949238
L-04-2 Cryo Exp 20 ms Gain 1 Satur 100.tif,53,480,86.66904755831213
L-04-2 Cryo Exp 20 ms Gain 1 Satur 100.tif,54,982,117.1543289325507
L-04-2 Cryo Exp 20 ms Gain 1 Satur 100.tif,55,784,106.32590180780451
L-04-2 Cryo Exp 20 ms Gain 1 Satur 100.tif,56,705,98.66904755831214
L-04-2 Cryo Exp 20 ms Gain 1 Satur 100.tif,57,902,110.9116882454314
L-04-2 Cryo Exp 20 ms Gain 1 Satur 100.tif,58,783,107.01219330881975
L-04-2 Cryo Exp 20 ms Gain 1 Satur 100.tif,59,712,104.49747468305833
L-04-2 Cryo Exp 20 ms Gain 1 Satur 100.tif,60,283,63.21320343559643
L-04-2 Cryo Exp 20 ms Gain 1 Satur 100.tif,61,760,101.25483399593904
L-04-2 Cryo Exp 20 ms Gain 1 Satur 100.tif,62,400,80.2842712474619
L-04-2 Cryo Exp 20 ms Gain 1 Satur 100.tif,63,668,108.9116882454314
L-04-2 Cryo Exp 20 ms Gain 1 Satur 100.tif,64,1521,146.71067811865476
L-04-2 Cryo Exp 20 ms Gain 1 Satur 100.tif,65,631,94.66904755831213
L-04-2 Cryo Exp 20 ms Gain 1 Satur 100.tif,66,443,79.59797974644667
L-04-2 Cryo Exp 20 ms Gain 1 Satur 100.tif,67,625,94.5269119345812
L-04-2 Cryo Exp 20 ms Gain 1 Satur 100.tif,68,606,90.66904755831214
L-04-2 Cryo Exp 20 ms Gain 1 Satur 100.tif,69,1137,127.98275605729688
L-04-2 Cryo Exp 20 ms Gain 1 Satur 100.tif,70,868,112.32590180780451
L-04-2 Cryo Exp 20 ms Gain 1 Satur 100.tif,71,1613,154.0243866176395
L-04-2 Cryo Exp 20 ms Gain 1 Satur 100.tif,72,925,119.7401153701776
L-04-2 Cryo Exp 20 ms Gain 1 Satur 100.tif,73,501,85.35533905932738
L-04-2 Cryo Exp 20 ms Gain 1 Satur 100.tif,74,439,80.76955262170047
L-04-2 Cryo Exp 20 ms Gain 1 Satur 100.tif,75,401,75.94112549695427
L-04-2 Cryo Exp 20 ms Gain 1 Satur 100.tif,76,985,115.74011537017762
L-04-2 Cryo Exp 20 ms Gain 1 Satur 100.tif,77,531,88.76955262170047
L-04-2 Cryo Exp 20 ms Gain 1 Satur 100.tif,78,589,94.76955262170047
L-04-2 Cryo Exp 20 ms Gain 1 Satur 100.tif,79,221,56.04163056034261
L-04-2 Cryo Exp 20 ms Gain 1 Satur 100.tif,80,287,65.79898987322332
L-04-2 Cryo Exp 20 ms Gain 1 Satur 100.tif,81,762,106.08326112068522
L-04-2 Cryo Exp 20 ms Gain 1 Satur 100.tif,82,504,84.52691193458118
L-04-2 Cryo Exp 20 ms Gain 1 Satur 100.tif,83,865,114.5685424949238
L-07 2 Cryo Exp 15 ms Gain 1 Satur 100.tif,1,579,89.25483399593904
L-07 2 Cryo Exp 15 ms Gain 1 Satur 100.tif,2,518,85.84062043356595
L-07 2 Cryo Exp 15 ms Gain 1 Satur 100.tif,3,522,83.84062043356595
L-07 2 Cryo Exp 15 ms Gain 1 Satur 100.tif,4,439,75.35533905932738
L-07 2 Cryo Exp 15 ms Gain 1 Satur 100.tif,5,354,67.94112549695427
L-07 2 Cryo Exp 15 ms Gain 1 Satur 100.tif,6,438,76.76955262170047
L-07 2 Cryo Exp 15 ms Gain 1 Satur 100.tif,7,264,62.04163056034261
L-07 2 Cryo Exp 15 ms Gain 1 Satur 100.tif,8,384,71.69848480983498
L-07 2 Cryo Exp 15 ms Gain 1 Satur 100.tif,9,369,71.11269837220809
L-07 2 Cryo Exp 15 ms Gain 1 Satur 100.tif,10,469,83.25483399593904
L-07 2 Cryo Exp 15 ms Gain 1 Satur 100.tif,11,926,113.7401153701776
L-07 2 Cryo Exp 15 ms Gain 1 Satur 100.tif,12,285,62.2842712474619
L-07 2 Cryo Exp 15 ms Gain 1 Satur 100.tif,13,253,57.698484809834994
L-07 2 Cryo Exp 15 ms Gain 1 Satur 100.tif,14,1091,121.9827560572969
L-07 2 Cryo Exp 15 ms Gain 1 Satur 100.tif,15,295,63.11269837220809
L-07 2 Cryo Exp 15 ms Gain 1 Satur 100.tif,16,678,101.49747468305833
L-07 2 Cryo Exp 15 ms Gain 1 Satur 100.tif,17,736,105.25483399593904
L-07 2 Cryo Exp 15 ms Gain 1 Satur 100.tif,18,612,91.01219330881976
L-07 2 Cryo Exp 15 ms Gain 1 Satur 100.tif,19,708,100.66904755831213
L-07 2 Cryo Exp 15 ms Gain 1 Satur 100.tif,20,589,91.35533905932738
L-07 2 Cryo Exp 15 ms Gain 1 Satur 100.tif,21,669,96.66904755831214
L-07 2 Cryo Exp 15 ms Gain 1 Satur 100.tif,22,331,67.35533905932738
L-07 2 Cryo Exp 15 ms Gain 1 Satur 100.tif,23,607,89.59797974644667
L-07 2 Cryo Exp 15 ms Gain 1 Satur 100.tif,24,426,78.42640687119285
L-07 2 Cryo Exp 15 ms Gain 1 Satur 100.tif,25,793,102.9116882454314
L-07 2 Cryo Exp 15 ms Gain 1 Satur 100.tif,26,671,96.66904755831213
L-07 2 Cryo Exp 15 ms Gain 1 Satur 100.tif,27,500,86.66904755831214
L-07 2 Cryo Exp 15 ms Gain 1 Satur 100.tif,28,444,76.5269119345812
L-07 2 Cryo Exp 15 ms Gain 1 Satur 100.tif,29,388,71.94112549695429
L-07 2 Cryo Exp 15 ms Gain 1 Satur 100.tif,30,620,95.49747468305833
L-07 2 Cryo Exp 15 ms Gain 1 Satur 100.tif,31,741,104.08326112068522
L-07 2 Cryo Exp 15 ms Gain 1 Satur 100.tif,32,484,83.59797974644667
L-07 2 Cryo Exp 15 ms Gain 1 Satur 100.tif,33,944,114.08326112068522
L-07 2 Cryo Exp 15 ms Gain 1 Satur 100.tif,34,996,117.1543289325507
L-07 2 Cryo Exp 15 ms Gain 1 Satur 100.tif,35,442,80.42640687119285
L-07 2 Cryo Exp 15 ms Gain 1 Satur 100.tif,36,504,83.59797974644667
L-07 2 Cryo Exp 15 ms Gain 1 Satur 100.tif,37,425,75.01219330881976
L-07 2 Cryo Exp 15 ms Gain 1 Satur 100.tif,38,531,87.01219330881975
L-07 2 Cryo Exp 15 ms Gain 1 Satur 100.tif,39,377,72.52691193458118
L-07 2 Cryo Exp 15 ms Gain 1 Satur 100.tif,40,911,112.5685424949238
L-07 2 Cryo Exp 15 ms Gain 1 Satur 100.tif,41,751,104.08326112068522
L-07 2 Cryo Exp 15 ms Gain 1 Satur 100.tif,42,224,55.698484809834994
L-07 2 Cryo Exp 15 ms Gain 1 Satur 100.tif,43,603,93.25483399593904
L-07 2 Cryo Exp 15 ms Gain 1 Satur 100.tif,44,649,105.98275605729688
L-07 2 Cryo Exp 15 ms Gain 1 Satur 100.tif,45,848,109.1543289325507
L-07 2 Cryo Exp 15 ms Gain 1 Satur 100.tif,46,314,67.59797974644665
L-07 2 Cryo Exp 15 ms Gain 1 Satur 100.tif,47,754,103.1543289325507
L-07 2 Cryo Exp 15 ms Gain 1 Satur 100.tif,48,786,104.32590180780451
L-07 2 Cryo Exp 15 ms Gain 1 Satur 100.tif,49,386,74.52691193458118
L-07 2 Cryo Exp 15 ms Gain 1 Satur 100.tif,50,267,59.698484809834994
L-07 2 Cryo Exp 15 ms Gain 1 Satur 100.tif,51,683,95.59797974644665
L-07 2 Cryo Exp 15 ms Gain 1 Satur 100.tif,52,278,61.941125496954285
L-07 2 Cryo Exp 15 ms Gain 1 Satur 100.tif,53,265,60.2842712474619
L-07 2 Cryo Exp 15 ms Gain 1 Satur 100.tif,54,586,87.84062043356595
L-07 2 Cryo Exp 15 ms Gain 1 Satur 100.tif,55,654,100.08326112068522
L-07 2 Cryo Exp 15 ms Gain 1 Satur 100.tif,56,697,100.08326112068522
L-07 2 Cryo Exp 15 ms Gain 1 Satur 100.tif,57,347,71.35533905932738
L-07 2 Cryo Exp 15 ms Gain 1 Satur 100.tif,58,195,52.14213562373095
L-07 2 Cryo Exp 15 ms Gain 1 Satur 100.tif,59,319,71.94112549695427
L-07 2 Cryo Exp 15 ms Gain 1 Satur 100.tif,60,709,97.84062043356595
L-07 2 Cryo Exp 15 ms Gain 1 Satur 100.tif,61,696,98.08326112068522
L-07 2 Cryo Exp 15 ms Gain 1 Satur 100.tif,62,718,101.49747468305833
L-07 2 Cryo Exp 15 ms Gain 1 Satur 100.tif,63,780,102.08326112068522
L-07 2 Cryo Exp 15 ms Gain 1 Satur 100.tif,64,886,112.5685424949238
L-07 2 Cryo Exp 15 ms Gain 1 Satur 100.tif,65,767,106.8111831820431
L-07 2 Cryo Exp 15 ms Gain 1 Satur 100.tif,66,722,100.66904755831214
L-07 2 Cryo Exp 15 ms Gain 1 Satur 100.tif,67,785,103.49747468305833
L-07 2 Cryo Exp 15 ms Gain 1 Satur 100.tif,68,225,56.2842712474619
L-07 2 Cryo Exp 15 ms Gain 1 Satur 100.tif,69,501,85.59797974644667
L-07 2 Cryo Exp 15 ms Gain 1 Satur 100.tif,70,809,103.84062043356595
L-07 2 Cryo Exp 15 ms Gain 1 Satur 100.tif,71,400,77.11269837220809
L-07 2 Cryo Exp 15 ms Gain 1 Satur 100.tif,72,625,92.32590180780451
L-07 2 Cryo Exp 15 ms Gain 1 Satur 100.tif,73,623,94.91168824543142
L-07 2 Cryo Exp 15 ms Gain 1 Satur 100.tif,74,650,97.49747468305833
L-07 2 Cryo Exp 15 ms Gain 1 Satur 100.tif,75,360,80.62741699796952
L-07 2 Cryo Exp 15 ms Gain 1 Satur 100.tif,76,312,71.69848480983498
L-07 2 Cryo Exp 15 ms Gain 1 Satur 100.tif,77,90,42.69238815542512
L-07 2 Cryo Exp 15 ms Gain 1 Satur 100.tif,78,149,44.384776310850235
L-07 2 Cryo Exp 15 ms Gain 1 Satur 100.tif,79,864,110.32590180780451
L-07 2 Cryo Exp 15 ms Gain 1 Satur 100.tif,80,313,65.11269837220809
L-07 2 Cryo Exp 15 ms Gain 1 Satur 100.tif,81,340,66.5269119345812
L-07 2 Cryo Exp 15 ms Gain 1 Satur 100.tif,82,440,79.11269837220809
L-07 2 Cryo Exp 15 ms Gain 1 Satur 100.tif,83,252,57.45584412271571
L-07 2 Cryo Exp 15 ms Gain 1 Satur 100.tif,84,515,83.94112549695429
L-07 2 Cryo Exp 15 ms Gain 1 Satur 100.tif,85,685,97.59797974644665
L-07 2 Cryo Exp 15 ms Gain 1 Satur 100.tif,86,441,83.11269837220809
L-07 2 Cryo Exp 15 ms Gain 1 Satur 100.tif,87,187,54.7634559672906
L-07 2 Cryo Exp 15 ms Gain 1 Satur 100.tif,88,871,110.91168824543142
L-07 2 Cryo Exp 15 ms Gain 1 Satur 100.tif,89,660,96.08326112068522
L-07 2 Cryo Exp 15 ms Gain 1 Satur 100.tif,90,200,52.04163056034261
L-07 2 Cryo Exp 15 ms Gain 1 Satur 100.tif,91,764,104.9116882454314
L-07 2 Cryo Exp 15 ms Gain 1 Satur 100.tif,92,411,77.35533905932738
L-07 2 Cryo Exp 15 ms Gain 1 Satur 100.tif,93,726,101.25483399593904
L-07 2 Cryo Exp 15 ms Gain 1 Satur 100.tif,94,505,87.01219330881975
L-07 2 Cryo Exp 15 ms Gain 1 Satur 100.tif,95,403,78.52691193458118
L-07 2 Cryo Exp 15 ms Gain 1 Satur 100.tif,96,598,90.76955262170047
L-07 2 Cryo Exp 15 ms Gain 1 Satur 100.tif,97,232,59.11269837220809
L-07 2 Cryo Exp 15 ms Gain 1 Satur 100.tif,98,162,46.04163056034261
L-07 2 Cryo Exp 15 ms Gain 1 Satur 100.tif,99,159,45.798989873223334
L-07 2 Cryo Exp 15 ms Gain 1 Satur 100.tif,100,497,82.2842712474619
L-07 2 Cryo Exp 15 ms Gain 1 Satur 100.tif,101,548,86.66904755831214
L-07 2 Cryo Exp 15 ms Gain 1 Satur 100.tif,102,181,54.38477631085023
L-07 2 Cryo Exp 15 ms Gain 1 Satur 100.tif,103,581,88.76955262170047
L-07 2 Cryo Exp 15 ms Gain 1 Satur 100.tif,104,232,57.798989873223334
L-07 2 Cryo Exp 15 ms Gain 1 Satur 100.tif,105,733,99.84062043356595
L-07 2 Cryo Exp 15 ms Gain 1 Satur 100.tif,106,175,47.79898987322333
L-07 2 Cryo Exp 15 ms Gain 1 Satur 100.tif,107,689,101.9827560572969
L-07 2 Cryo Exp 15 ms Gain 1 Satur 100.tif,108,524,84.66904755831214
L-07 2 Cryo Exp 15 ms Gain 1 Satur 100.tif,109,261,64.94112549695429
L-07 2 Cryo Exp 15 ms Gain 1 Satur 100.tif,110,549,93.15432893255071
L-07 2 Cryo Exp 15 ms Gain 1 Satur 100.tif,111,99,47.10660171779821
L-07 2 Cryo Exp 15 ms Gain 1 Satur 100.tif,112,63,33.071067811865476
L-07 2 Cryo Exp 15 ms Gain 1 Satur 100.tif,113,185,49.4558441227157
L-07 2 Cryo Exp 15 ms Gain 1 Satur 100.tif,114,579,88.42640687119285
L-07 2 Cryo Exp 15 ms Gain 1 Satur 100.tif,115,524,85.59797974644667
L04-2 Cryo Exp 15 ms Gain 1 Satur 100.tif,1,581,91.84062043356595
L04-2 Cryo Exp 15 ms Gain 1 Satur 100.tif,2,654,97.84062043356595
L04-2 Cryo Exp 15 ms Gain 1 Satur 100.tif,3,355,69.35533905932738
L04-2 Cryo Exp 15 ms Gain 1 Satur 100.tif,4,1058,120.81118318204308
L04-2 Cryo Exp 15 ms Gain 1 Satur 100.tif,5,509,83.84062043356595
L04-2 Cryo Exp 15 ms Gain 1 Satur 100.tif,6,629,92.42640687119285
L04-2 Cryo Exp 15 ms Gain 1 Satur 100.tif,7,588,89.01219330881975
L04-2 Cryo Exp 15 ms Gain 1 Satur 100.tif,8,843,106.32590180780451
L04-2 Cryo Exp 15 ms Gain 1 Satur 100.tif,9,632,93.84062043356595
L04-2 Cryo Exp 15 ms Gain 1 Satur 100.tif,10,670,95.01219330881975
L04-2 Cryo Exp 15 ms Gain 1 Satur 100.tif,11,409,72.5269119345812
L04-2 Cryo Exp 15 ms Gain 1 Satur 100.tif,12,965,118.32590180780451
L04-2 Cryo Exp 15 ms Gain 1 Satur 100.tif,13,331,67.11269837220809
L04-2 Cryo Exp 15 ms Gain 1 Satur 100.tif,14,530,84.5269119345812
L04-2 Cryo Exp 15 ms Gain 1 Satur 100.tif,15,832,108.66904755831214
L04-2 Cryo Exp 15 ms Gain 1 Satur 100.tif,16,801,105.49747468305833
L04-2 Cryo Exp 15 ms Gain 1 Satur 100.tif,17,710,102.18376618407356
L04-2 Cryo Exp 15 ms Gain 1 Satur 100.tif,18,400,79.01219330881975
L04-2 Cryo Exp 15 ms Gain 1 Satur 100.tif,19,800,105.25483399593904
L04-2 Cryo Exp 15 ms Gain 1 Satur 100.tif,20,414,79.698484809835
L04-2 Cryo Exp 15 ms Gain 1 Satur 100.tif,21,991,120.22539674441617
L04-2 Cryo Exp 15 ms Gain 1 Satur 100.tif,22,635,95.01219330881975
L04-2 Cryo Exp 15 ms Gain 1 Satur 100.tif,23,877,111.74011537017762
L04-2 Cryo Exp 15 ms Gain 1 Satur 100.tif,24,768,101.74011537017762
L04-2 Cryo Exp 15 ms Gain 1 Satur 100.tif,25,790,106.91168824543142
L04-2 Cryo Exp 15 ms Gain 1 Satur 100.tif,26,1211,128.81118318204307
L04-2 Cryo Exp 15 ms Gain 1 Satur 100.tif,27,358,68.5269119345812
L04-2 Cryo Exp 15 ms Gain 1 Satur 100.tif,28,885,112.5685424949238
L04-2 Cryo Exp 15 ms Gain 1 Satur 100.tif,29,989,117.1543289325507
L04-2 Cryo Exp 15 ms Gain 1 Satur 100.tif,30,838,112.8111831820431
L04-2 Cryo Exp 15 ms Gain 1 Satur 100.tif,31,672,96.66904755831213
L04-2 Cryo Exp 15 ms Gain 1 Satur 100.tif,32,371,74.04163056034261
L04-2 Cryo Exp 15 ms Gain 1 Satur 100.tif,33,744,101.25483399593904
L04-2 Cryo Exp 15 ms Gain 1 Satur 100.tif,34,549,87.59797974644667
L04-2 Cryo Exp 15 ms Gain 1 Satur 100.tif,35,405,72.76955262170047
L04-2 Cryo Exp 15 ms Gain 1 Satur 100.tif,36,438,75.94112549695427
L04-2 Cryo Exp 15 ms Gain 1 Satur 100.tif,37,317,64.2842712474619
L04-2 Cryo Exp 15 ms Gain 1 Satur 100.tif,38,742,100.66904755831214
L04-2 Cryo Exp 15 ms Gain 1 Satur 100.tif,39,884,113.74011537017762
L04-2 Cryo Exp 15 ms Gain 1 Satur 100.tif,40,224,55.21320343559643
L04-2 Cryo Exp 15 ms Gain 1 Satur 100.tif,41,281,61.4558441227157
L04-2 Cryo Exp 15 ms Gain 1 Satur 100.tif,42,1052,121.98275605729688
L04-2 Cryo Exp 15 ms Gain 1 Satur 100.tif,43,258,61.79898987322332
L04-2 Cryo Exp 15 ms Gain 1 Satur 100.tif,44,670,97.59797974644667
L04-2 Cryo Exp 15 ms Gain 1 Satur 100.tif,45,277,62.8700576850888
L04-2 Cryo Exp 15 ms Gain 1 Satur 100.tif,46,327,67.11269837220809
L04-2 Cryo Exp 15 ms Gain 1 Satur 100.tif,47,1201,127.9827560572969
L04-2 Cryo Exp 15 ms Gain 1 Satur 100.tif,48,311,69.4558441227157
L04-2 Cryo Exp 15 ms Gain 1 Satur 100.tif,49,850,112.9116882454314
L04-2 Cryo Exp 15 ms Gain 1 Satur 100.tif,50,1318,141.0538238691624
L04-2 Cryo Exp 15 ms Gain 1 Satur 100.tif,51,727,102.32590180780451
L04-2 Cryo Exp 15 ms Gain 1 Satur 100.tif,52,250,58.04163056034261
L04-2 Cryo Exp 15 ms Gain 1 Satur 100.tif,53,238,56.526911934581186
L04-2 Cryo Exp 15 ms Gain 1 Satur 100.tif,54,320,64.87005768508881
L04-2 Cryo Exp 15 ms Gain 1 Satur 100.tif,55,581,91.59797974644667
L04-2 Cryo Exp 15 ms Gain 1 Satur 100.tif,56,983,115.1543289325507
L04-2 Cryo Exp 15 ms Gain 1 Satur 100.tif,57,444,84.5269119345812
L04-2 Cryo Exp 15 ms Gain 1 Satur 100.tif,58,236,59.21320343559643
L04-2 Cryo Exp 15 ms Gain 1 Satur 100.tif,59,422,81.25483399593904
L04-2 Cryo Exp 15 ms Gain 1 Satur 100.tif,60,817,109.25483399593904
L04-2 Cryo Exp 15 ms Gain 1 Satur 100.tif,61,1214,133.63961030678928
L10-1 FFPE 2 Exp 14 ms Gain 1 Satur 100.tif,1,615,90.42640687119285
L10-1 FFPE 2 Exp 14 ms Gain 1 Satur 100.tif,2,485,80.18376618407356
L10-1 FFPE 2 Exp 14 ms Gain 1 Satur 100.tif,3,486,80.18376618407356
L10-1 FFPE 2 Exp 14 ms Gain 1 Satur 100.tif,4,498,81.01219330881976
L10-1 FFPE 2 Exp 14 ms Gain 1 Satur 100.tif,5,611,89.84062043356595
L10-1 FFPE 2 Exp 14 ms Gain 1 Satur 100.tif,6,564,88.18376618407356
L10-1 FFPE 2 Exp 14 ms Gain 1 Satur 100.tif,7,562,89.01219330881976
L10-1 FFPE 2 Exp 14 ms Gain 1 Satur 100.tif,8,507,83.35533905932738
L10-1 FFPE 2 Exp 14 ms Gain 1 Satur 100.tif,9,522,82.76955262170047
L10-1 FFPE 2 Exp 14 ms Gain 1 Satur 100.tif,10,539,84.18376618407356
L10-1 FFPE 2 Exp 14 ms Gain 1 Satur 100.tif,11,512,83.01219330881975
L10-1 FFPE 2 Exp 14 ms Gain 1 Satur 100.tif,12,528,83.35533905932738
L10-1 FFPE 2 Exp 14 ms Gain 1 Satur 100.tif,13,538,84.42640687119285
L10-1 FFPE 2 Exp 14 ms Gain 1 Satur 100.tif,14,593,89.01219330881975
L10-1 FFPE 2 Exp 14 ms Gain 1 Satur 100.tif,15,544,84.42640687119285
L10-1 FFPE 2 Exp 14 ms Gain 1 Satur 100.tif,16,432,75.94112549695427
L10-1 FFPE 2 Exp 14 ms Gain 1 Satur 100.tif,17,499,85.59797974644667
L10-1 FFPE 2 Exp 14 ms Gain 1 Satur 100.tif,18,537,84.66904755831214
L10-1 FFPE 2 Exp 14 ms Gain 1 Satur 100.tif,19,472,84.76955262170047
L10-1 FFPE 2 Exp 14 ms Gain 1 Satur 100.tif,20,610,90.42640687119285
L10-1 FFPE 2 Exp 14 ms Gain 1 Satur 100.tif,21,555,87.25483399593904
L10-1 FFPE 2 Exp 14 ms Gain 1 Satur 100.tif,22,568,88.42640687119285
L10-1 FFPE 2 Exp 14 ms Gain 1 Satur 100.tif,23,598,89.25483399593904
L10-1 FFPE 2 Exp 14 ms Gain 1 Satur 100.tif,24,579,87.59797974644667
L10-1 FFPE 2 Exp 14 ms Gain 1 Satur 100.tif,25,503,82.66904755831214
L10-1 FFPE 2 Exp 14 ms Gain 1 Satur 100.tif,26,943,115.1543289325507
L10-1 FFPE 2 Exp 14 ms Gain 1 Satur 100.tif,27,462,78.76955262170047
L10-1 FFPE 2 Exp 14 ms Gain 1 Satur 100.tif,28,488,81.01219330881975
L10-1 FFPE 2 Exp 14 ms Gain 1 Satur 100.tif,29,502,81.59797974644667
L10-1 FFPE 2 Exp 14 ms Gain 1 Satur 100.tif,30,582,87.01219330881975
L10-1 FFPE 2 Exp 14 ms Gain 1 Satur 100.tif,31,496,80.18376618407356
L10-1 FFPE 2 Exp 14 ms Gain 1 Satur 100.tif,32,585,88.66904755831214
L10-1 FFPE 2 Exp 14 ms Gain 1 Satur 100.tif,33,473,78.76955262170047
L10-1 FFPE 2 Exp 14 ms Gain 1 Satur 100.tif,34,509,82.42640687119285
L10-1 FFPE 2 Exp 14 ms Gain 1 Satur 100.tif,35,489,82.42640687119285
L10-1 FFPE 2 Exp 14 ms Gain 1 Satur 100.tif,36,537,89.01219330881975
L10-1 FFPE 2 Exp 14 ms Gain 1 Satur 100.tif,37,624,92.08326112068522
L10-1 FFPE 2 Exp 14 ms Gain 1 Satur 100.tif,38,784,102.08326112068522
L10-1 FFPE 2 Exp 14 ms Gain 1 Satur 100.tif,39,486,80.76955262170046
L10-1 FFPE 2 Exp 14 ms Gain 1 Satur 100.tif,40,634,93.25483399593904
L10-1 FFPE 2 Exp 14 ms Gain 1 Satur 100.tif,41,504,86.76955262170047
L10-1 FFPE 2 Exp 14 ms Gain 1 Satur 100.tif,42,487,81.01219330881975
L10-1 FFPE 2 Exp 14 ms Gain 1 Satur 100.tif,43,365,71.01219330881975
L10-1 FFPE 2 Exp 14 ms Gain 1 Satur 100.tif,44,403,74.18376618407356
L10-1 FFPE 2 Exp 14 ms Gain 1 Satur 100.tif,45,703,99.01219330881975
L10-1 FFPE 2 Exp 14 ms Gain 1 Satur 100.tif,46,529,87.01219330881975
L10-1 FFPE 2 Exp 14 ms Gain 1 Satur 100.tif,47,458,77.59797974644667
L10-1 FFPE 2 Exp 14 ms Gain 1 Satur 100.tif,48,511,85.01219330881975
L10-1 FFPE 2 Exp 14 ms Gain 1 Satur 100.tif,49,681,95.84062043356595
L10-1 FFPE 2 Exp 14 ms Gain 1 Satur 100.tif,50,445,76.76955262170047
L10-1 FFPE 2 Exp 14 ms Gain 1 Satur 100.tif,51,515,83.25483399593904
L10-1 FFPE 2 Exp 14 ms Gain 1 Satur 100.tif,52,499,82.42640687119285
L10-1 FFPE 2 Exp 14 ms Gain 1 Satur 100.tif,53,237,63.21320343559643
L10-1 FFPE 2 Exp 14 ms Gain 1 Satur 100.tif,54,468,81.35533905932738
L10-1 FFPE 2 Exp 14 ms Gain 1 Satur 100.tif,55,339,67.94112549695427
L10-1 FFPE 2 Exp 14 ms Gain 1 Satur 100.tif,56,361,69.11269837220809
L10-1 FFPE 2 Exp 14 ms Gain 1 Satur 100.tif,57,311,65.698484809835
L10-1 FFPE 2 Exp 14 ms Gain 1 Satur 100.tif,58,364,69.35533905932738
L10-1 FFPE 2 Exp 14 ms Gain 1 Satur 100.tif,59,392,73.35533905932738
L10-1 FFPE 2 Exp 14 ms Gain 1 Satur 100.tif,60,666,96.91168824543142
L10-1 FFPE 2 Exp 14 ms Gain 1 Satur 100.tif,61,429,77.94112549695427
L10-1 FFPE 2 Exp 14 ms Gain 1 Satur 100.tif,62,579,87.59797974644667
L10-1 FFPE 2 Exp 14 ms Gain 1 Satur 100.tif,63,704,100.08326112068522
L10-1 FFPE 2 Exp 14 ms Gain 1 Satur 100.tif,64,523,87.84062043356595
L10-1 FFPE 2 Exp 14 ms Gain 1 Satur 100.tif,65,360,70.5269119345812
L10-1 FFPE 2 Exp 14 ms Gain 1 Satur 100.tif,66,455,78.18376618407356
L10-1 FFPE 2 Exp 14 ms Gain 1 Satur 100.tif,67,874,108.66904755831213
L10-1 FFPE 2 Exp 14 ms Gain 1 Satur 100.tif,68,594,90.08326112068522
L10-1 FFPE 2 Exp 14 ms Gain 1 Satur 100.tif,69,492,80.42640687119285
L10-1 FFPE 2 Exp 14 ms Gain 1 Satur 100.tif,70,422,75.94112549695427
L10-1 FFPE 2 Exp 14 ms Gain 1 Satur 100.tif,71,477,81.59797974644667
L10-1 FFPE 2 Exp 14 ms Gain 1 Satur 100.tif,72,623,92.66904755831214
L10-1 FFPE 2 Exp 14 ms Gain 1 Satur 100.tif,73,420,73.94112549695427
L10-1 FFPE 2 Exp 14 ms Gain 1 Satur 100.tif,74,597,89.01219330881975
L10-1 FFPE 2 Exp 14 ms Gain 1 Satur 100.tif,75,419,73.94112549695427
L10-1 FFPE 2 Exp 14 ms Gain 1 Satur 100.tif,76,547,85.84062043356595
L10-1 FFPE 2 Exp 14 ms Gain 1 Satur 100.tif,77,613,91.84062043356595
L10-1 FFPE 2 Exp 14 ms Gain 1 Satur 100.tif,78,584,88.08326112068522
L10-1 FFPE 2 Exp 14 ms Gain 1 Satur 100.tif,79,709,100.08326112068522
L10-1 FFPE 2 Exp 14 ms Gain 1 Satur 100.tif,80,455,77.35533905932738
L10-1 FFPE 2 Exp 14 ms Gain 1 Satur 100.tif,81,554,88.18376618407356
L10-1 FFPE 2 Exp 14 ms Gain 1 Satur 100.tif,82,415,75.35533905932738
L10-1 FFPE 2 Exp 14 ms Gain 1 Satur 100.tif,83,843,107.9827560572969
L10-1 FFPE 2 Exp 14 ms Gain 1 Satur 100.tif,84,374,73.01219330881975
L10-1 FFPE 2 Exp 14 ms Gain 1 Satur 100.tif,85,846,108.32590180780451
L10-1 FFPE 2 Exp 14 ms Gain 1 Satur 100.tif,86,311,65.94112549695429
L10-1 FFPE 2 Exp 14 ms Gain 1 Satur 100.tif,87,579,88.66904755831213
L10-1 FFPE 2 Exp 14 ms Gain 1 Satur 100.tif,88,566,88.42640687119285
L10-1 FFPE 2 Exp 14 ms Gain 1 Satur 100.tif,89,398,77.59797974644665
L10-1 FFPE 2 Exp 14 ms Gain 1 Satur 100.tif,90,809,105.49747468305833
L10-1 FFPE 2 Exp 14 ms Gain 1 Satur 100.tif,91,716,105.59797974644667
L10-1 FFPE 2 Exp 14 ms Gain 1 Satur 100.tif,92,691,97.84062043356595
L10-1 FFPE 2 Exp 14 ms Gain 1 Satur 100.tif,93,530,88.08326112068522
L10-1 FFPE 2 Exp 14 ms Gain 1 Satur 100.tif,94,744,100.08326112068522
L10-1 FFPE 2 Exp 14 ms Gain 1 Satur 100.tif,95,659,100.66904755831213
L10-1 FFPE 2 Exp 14 ms Gain 1 Satur 100.tif,96,301,65.11269837220809
L10-1 FFPE 2 Exp 14 ms Gain 1 Satur 100.tif,97,479,81.35533905932738
L10-1 FFPE 2 Exp 14 ms Gain 1 Satur 100.tif,98,707,98.42640687119285
L10-1 FFPE 2 Exp 14 ms Gain 1 Satur 100.tif,99,532,85.94112549695427
L10-1 FFPE 2 Exp 14 ms Gain 1 Satur 100.tif,100,649,96.08326112068522
L10-1 FFPE 2 Exp 14 ms Gain 1 Satur 100.tif,101,735,100.08326112068522
L10-1 FFPE 2 Exp 14 ms Gain 1 Satur 100.tif,102,641,94.66904755831214
L10-1 FFPE 2 Exp 14 ms Gain 1 Satur 100.tif,103,255,57.45584412271571
L10-1 FFPE 2 Exp 14 ms Gain 1 Satur 100.tif,104,580,94.91168824543142
L10-1 FFPE 2 Exp 14 ms Gain 1 Satur 100.tif,105,353,68.5269119345812
L10-1 FFPE 2 Exp 14 ms Gain 1 Satur 100.tif,106,628,96.91168824543142
L10-1 FFPE 2 Exp 14 ms Gain 1 Satur 100.tif,107,341,73.84062043356595
L10-1 FFPE 2 Exp 14 ms Gain 1 Satur 100.tif,108,291,60.2842712474619
L10-1 FFPE 2 Exp 14 ms Gain 1 Satur 100.tif,109,754,104.66904755831214
L10-1 FFPE 2 Exp 14 ms Gain 1 Satur 100.tif,110,212,54.04163056034261
L10-1 FFPE 2 Exp 14 ms Gain 1 Satur 100.tif,111,1049,120.5685424949238
L10-1 FFPE 2 Exp 14 ms Gain 1 Satur 100.tif,112,442,79.35533905932738
L10-1 FFPE 2 Exp 14 ms Gain 1 Satur 100.tif,113,367,71.35533905932738
L10-1 FFPE 2 Exp 14 ms Gain 1 Satur 100.tif,114,521,93.59797974644665
L10-1 FFPE 2 Exp 14 ms Gain 1 Satur 100.tif,115,448,84.07716446627535
L10-1 FFPE 2 Exp 14 ms Gain 1 Satur 100.tif,116,823,113.63961030678928
L10-1 FFPE 2 Exp 14 ms Gain 1 Satur 100.tif,117,851,116.66904755831214
L10-1 FFPE 2 Exp 14 ms Gain 1 Satur 100.tif,118,116,44.14213562373095
L10-1 FFPE 2 Exp 14 ms Gain 1 Satur 100.tif,119,442,80.18376618407356
L10-1 FFPE 2 Exp 14 ms Gain 1 Satur 100.tif,120,242,59.11269837220809
L10-1 FFPE 2 Exp 14 ms Gain 1 Satur 100.tif,121,286,63.11269837220809
L10-1 FFPE 2 Exp 14 ms Gain 1 Satur 100.tif,122,342,67.94112549695427
L10-1 FFPE 2 Exp 14 ms Gain 1 Satur 100.tif,123,554,87.84062043356595
L10-1 FFPE 2 Exp 14 ms Gain 1 Satur 100.tif,124,461,81.94112549695427
L10-1 FFPE 2 Exp 14 ms Gain 1 Satur 100.tif,125,291,65.698484809835
L10-1 FFPE 2 Exp 14 ms Gain 1 Satur 100.tif,126,525,87.01219330881976
L10-1 FFPE 2 Exp 14 ms Gain 1 Satur 100.tif,127,537,85.01219330881975
L10-1 FFPE 2 Exp 14 ms Gain 1 Satur 100.tif,128,698,101.25483399593904
L10-1 FFPE 2 Exp 14 ms Gain 1 Satur 100.tif,129,405,78.18376618407356
L10-1 FFPE 2 Exp 14 ms Gain 1 Satur 100.tif,130,406,76.76955262170047
L10-1 FFPE 2 Exp 14 ms Gain 1 Satur 100.tif,131,802,108.8111831820431
L10-1 FFPE 2 Exp 14 ms Gain 1 Satur 100.tif,132,486,88.91168824543142
L10-1 FFPE 2 Exp 14 ms Gain 1 Satur 100.tif,133,654,96.42640687119285
L10-1 FFPE 2 Exp 14 ms Gain 1 Satur 100.tif,134,260,62.2842712474619
L10-1 FFPE 2 Exp 14 ms Gain 1 Satur 100.tif,135,258,60.87005768508881
L10-1 FFPE 2 Exp 14 ms Gain 1 Satur 100.tif,136,415,74.5269119345812
L10-1 FFPE 2 Exp 14 ms Gain 1 Satur 100.tif,137,698,100.32590180780451
L10-1 FFPE 2 Exp 14 ms Gain 1 Satur 100.tif,138,843,112.5685424949238
L10-1 FFPE 2 Exp 14 ms Gain 1 Satur 100.tif,139,655,99.49747468305833
L10-1 FFPE 2 Exp 14 ms Gain 1 Satur 100.tif,140,497,83.01219330881975
L10-1 FFPE 2 Exp 14 ms Gain 1 Satur 100.tif,141,360,74.52691193458118
L10-1 FFPE 2 Exp 14 ms Gain 1 Satur 100.tif,142,333,66.2842712474619
L10-1 FFPE 2 Exp 14 ms Gain 1 Satur 100.tif,143,589,98.66904755831213
L10-1 FFPE 2 Exp 14 ms Gain 1 Satur 100.tif,144,844,109.9827560572969
L10-1 FFPE 2 Exp 14 ms Gain 1 Satur 100.tif,145,410,77.01219330881975
L10-1 FFPE 2 Exp 14 ms Gain 1 Satur 100.tif,146,749,103.74011537017762
L10-1 FFPE 2 Exp 14 ms Gain 1 Satur 100.tif,147,588,91.01219330881976
L10-1 FFPE 2 Exp 14 ms Gain 1 Satur 100.tif,148,294,64.2842712474619
L10-1 FFPE 2 Exp 14 ms Gain 1 Satur 100.tif,149,398,76.18376618407356
L10-1 FFPE 2 Exp 14 ms Gain 1 Satur 100.tif,150,847,108.5685424949238
L10-1 FFPE 2 Exp 14 ms Gain 1 Satur 100.tif,151,1012,123.39696961966999
L10-1 FFPE 2 Exp 14 ms Gain 1 Satur 100.tif,152,516,87.59797974644667
L10-1 FFPE 2 Exp 14 ms Gain 1 Satur 100.tif,153,429,87.35533905932738
L10-1 FFPE 2 Exp 14 ms Gain 1 Satur 100.tif,154,434,77.94112549695427
L10-1 FFPE 2 Exp 14 ms Gain 1 Satur 100.tif,155,480,86.66904755831214
L10-1 FFPE 2 Exp 14 ms Gain 1 Satur 100.tif,156,598,100.91168824543142
L10-1 FFPE 2 Exp 14 ms Gain 1 Satur 100.tif,157,517,85.01219330881975
L10-1 FFPE 2 Exp 14 ms Gain 1 Satur 100.tif,158,1069,120.5685424949238
L10-1 FFPE 2 Exp 14 ms Gain 1 Satur 100.tif,159,433,81.94112549695427
L10-1 FFPE 2 Exp 14 ms Gain 1 Satur 100.tif,160,651,99.74011537017762
L10-1 FFPE 2 Exp 14 ms Gain 1 Satur 100.tif,161,1084,123.1543289325507
L10-1 FFPE 2 Exp 14 ms Gain 1 Satur 100.tif,162,397,75.35533905932738
L10-1 FFPE 2 Exp 14 ms Gain 1 Satur 100.tif,163,834,109.1543289325507
L10-1 FFPE 2 Exp 14 ms Gain 1 Satur 100.tif,164,434,78.66904755831213
L10-1 FFPE 2 Exp 14 ms Gain 1 Satur 100.tif,165,881,113.9827560572969
L10-1 FFPE 2 Exp 14 ms Gain 1 Satur 100.tif,166,472,85.35533905932738
L10-1 FFPE 2 Exp 14 ms Gain 1 Satur 100.tif,167,235,56.2842712474619
L10-1 FFPE 2 Exp 14 ms Gain 1 Satur 100.tif,168,445,82.42640687119285
L10-1 FFPE 2 Exp 14 ms Gain 1 Satur 100.tif,169,551,95.9827560572969
L10-1 FFPE 2 Exp 14 ms Gain 1 Satur 100.tif,170,176,48.04163056034262
L10-1 FFPE 2 Exp 14 ms Gain 1 Satur 100.tif,171,355,76.08326112068522
L10-1 FFPE 2 Exp 14 ms Gain 1 Satur 100.tif,172,310,73.79898987322332
L10-1 FFPE 2 Exp 14 ms Gain 1 Satur 100.tif,173,752,106.08326112068522
L10-1 FFPE 2 Exp 14 ms Gain 1 Satur 100.tif,174,421,77.01219330881975
L10-1 FFPE 2 Exp 14 ms Gain 1 Satur 100.tif,175,179,49.798989873223334
L10-1 FFPE 2 Exp 14 ms Gain 1 Satur 100.tif,176,656,100.91168824543142
L10-1 FFPE 2 Exp 14 ms Gain 1 Satur 100.tif,177,1051,127.39696961966999
L10-1 FFPE 2 Exp 14 ms Gain 1 Satur 100.tif,178,400,77.94112549695427
L10-1 FFPE 2 Exp 14 ms Gain 1 Satur 100.tif,179,282,65.49137802864844
L10-1 FFPE 2 Exp 14 ms Gain 1 Satur 100.tif,180,433,82.5269119345812
L10-1 FFPE 2 Exp 14 ms Gain 1 Satur 100.tif,181,256,61.11269837220809
L10-1 FFPE 2 Exp 14 ms Gain 1 Satur 100.tif,182,1344,138.81118318204307
L10-1 FFPE 2 Exp 14 ms Gain 1 Satur 100.tif,183,237,57.94112549695428
L10-1 FFPE 2 Exp 14 ms Gain 1 Satur 100.tif,184,674,102.66904755831214
L10-1 FFPE 2 Exp 14 ms Gain 1 Satur 100.tif,185,450,87.25483399593904
L10-1 FFPE 2 Exp 14 ms Gain 1 Satur 100.tif,186,784,104.08326112068522
L10-1 FFPE 2 Exp 14 ms Gain 1 Satur 100.tif,187,475,81.59797974644667
L10-1 FFPE 2 Exp 14 ms Gain 1 Satur 100.tif,188,320,70.76955262170047
L10-1 FFPE 2 Exp 14 ms Gain 1 Satur 100.tif,189,353,69.11269837220809
L10-1 FFPE 2 Exp 14 ms Gain 1 Satur 100.tif,190,558,99.9827560572969
L10-1 FFPE 2 Exp 14 ms Gain 1 Satur 100.tif,191,442,77.35533905932738
L10-1 FFPE 2 Exp 14 ms Gain 1 Satur 100.tif,192,532,95.11269837220809
L10-1 FFPE 2 Exp 14 ms Gain 1 Satur 100.tif,193,264,64.73401871576773
L10-1 FFPE 2 Exp 14 ms Gain 1 Satur 100.tif,194,566,102.42640687119285
L10-1 FFPE 2 Exp 14 ms Gain 1 Satur 100.tif,195,738,103.49747468305833
L10-1 FFPE 2 Exp 14 ms Gain 1 Satur 100.tif,196,760,105.25483399593904
L10-1 FFPE 2 Exp 14 ms Gain 1 Satur 100.tif,197,358,82.45584412271572
L10-1 FFPE 2 Exp 14 ms Gain 1 Satur 100.tif,198,276,71.01219330881975
L10-1 FFPE 2 Exp 14 ms Gain 1 Satur 100.tif,199,157,46.79898987322333
L10-1 FFPE 2 Exp 14 ms Gain 1 Satur 100.tif,200,182,48.04163056034262
L10-1 FFPE 2 Exp 14 ms Gain 1 Satur 100.tif,201,205,55.45584412271571
L10-1 FFPE 2 Exp 14 ms Gain 1 Satur 100.tif,202,341,70.5269119345812
L10-1 FFPE 2 Exp 14 ms Gain 1 Satur 100.tif,203,332,69.84062043356595
L10-1 FFPE 2 Exp 14 ms Gain 1 Satur 100.tif,204,432,78.76955262170048
L10-1 FFPE 2 Exp 14 ms Gain 1 Satur 100.tif,205,725,103.49747468305833
L10-1 FFPE 2 Exp 14 ms Gain 1 Satur 100.tif,206,628,93.84062043356595
L10-1 FFPE 2 Exp 14 ms Gain 1 Satur 100.tif,207,750,105.49747468305833
L10-1 FFPE 2 Exp 14 ms Gain 1 Satur 100.tif,208,895,111.1543289325507
L10-1 FFPE 2 Exp 14 ms Gain 1 Satur 100.tif,209,316,67.59797974644667
L10-1 FFPE 2 Exp 14 ms Gain 1 Satur 100.tif,210,511,86.76955262170046
L10-1 FFPE Exp 14 ms Gain 1 Satur 100.tif,1,564,87.01219330881975
L10-1 FFPE Exp 14 ms Gain 1 Satur 100.tif,2,562,86.76955262170047
L10-1 FFPE Exp 14 ms Gain 1 Satur 100.tif,3,438,76.76955262170046
L10-1 FFPE Exp 14 ms Gain 1 Satur 100.tif,4,604,89.84062043356595
L10-1 FFPE Exp 14 ms Gain 1 Satur 100.tif,5,506,82.18376618407356
L10-1 FFPE Exp 14 ms Gain 1 Satur 100.tif,6,629,91.25483399593904
L10-1 FFPE Exp 14 ms Gain 1 Satur 100.tif,7,524,82.76955262170047
L10-1 FFPE Exp 14 ms Gain 1 Satur 100.tif,8,653,94.42640687119285
L10-1 FFPE Exp 14 ms Gain 1 Satur 100.tif,9,509,83.01219330881975
L10-1 FFPE Exp 14 ms Gain 1 Satur 100.tif,10,446,77.35533905932738
L10-1 FFPE Exp 14 ms Gain 1 Satur 100.tif,11,603,92.42640687119285
L10-1 FFPE Exp 14 ms Gain 1 Satur 100.tif,12,555,85.01219330881975
L10-1 FFPE Exp 14 ms Gain 1 Satur 100.tif,13,492,80.76955262170047
L10-1 FFPE Exp 14 ms Gain 1 Satur 100.tif,14,706,96.66904755831214
L10-1 FFPE Exp 14 ms Gain 1 Satur 100.tif,15,542,85.59797974644665
L10-1 FFPE Exp 14 ms Gain 1 Satur 100.tif,16,532,84.76955262170047
L10-1 FFPE Exp 14 ms Gain 1 Satur 100.tif,17,399,72.76955262170047
L10-1 FFPE Exp 14 ms Gain 1 Satur 100.tif,18,441,77.94112549695427
L10-1 FFPE Exp 14 ms Gain 1 Satur 100.tif,19,585,89.01219330881975
L10-1 FFPE Exp 14 ms Gain 1 Satur 100.tif,20,640,92.66904755831214
L10-1 FFPE Exp 14 ms Gain 1 Satur 100.tif,21,587,88.66904755831214
L10-1 FFPE Exp 14 ms Gain 1 Satur 100.tif,22,538,87.84062043356595
L10-1 FFPE Exp 14 ms Gain 1 Satur 100.tif,23,578,87.01219330881975
L10-1 FFPE Exp 14 ms Gain 1 Satur 100.tif,24,558,87.01219330881975
L10-1 FFPE Exp 14 ms Gain 1 Satur 100.tif,25,553,85.01219330881975
L10-1 FFPE Exp 14 ms Gain 1 Satur 100.tif,26,678,94.42640687119285
L10-1 FFPE Exp 14 ms Gain 1 Satur 100.tif,27,542,84.42640687119285
L10-1 FFPE Exp 14 ms Gain 1 Satur 100.tif,28,629,94.18376618407356
L10-1 FFPE Exp 14 ms Gain 1 Satur 100.tif,29,517,83.59797974644665
L10-1 FFPE Exp 14 ms Gain 1 Satur 100.tif,30,643,91.59797974644667
L10-1 FFPE Exp 14 ms Gain 1 Satur 100.tif,31,553,86.18376618407356
L10-1 FFPE Exp 14 ms Gain 1 Satur 100.tif,32,541,85.84062043356595
L10-1 FFPE Exp 14 ms Gain 1 Satur 100.tif,33,656,96.08326112068522
L10-1 FFPE Exp 14 ms Gain 1 Satur 100.tif,34,571,86.18376618407356
L10-1 FFPE Exp 14 ms Gain 1 Satur 100.tif,35,657,94.66904755831214
L10-1 FFPE Exp 14 ms Gain 1 Satur 100.tif,36,603,91.01219330881975
L10-1 FFPE Exp 14 ms Gain 1 Satur 100.tif,37,622,93.01219330881975
L10-1 FFPE Exp 14 ms Gain 1 Satur 100.tif,38,644,92.42640687119285
L10-1 FFPE Exp 14 ms Gain 1 Satur 100.tif,39,412,75.59797974644667
L10-1 FFPE Exp 14 ms Gain 1 Satur 100.tif,40,649,93.01219330881975
L10-1 FFPE Exp 14 ms Gain 1 Satur 100.tif,41,543,85.01219330881975
L10-1 FFPE Exp 14 ms Gain 1 Satur 100.tif,42,558,86.42640687119285
L10-1 FFPE Exp 14 ms Gain 1 Satur 100.tif,43,628,92.66904755831213
L10-1 FFPE Exp 14 ms Gain 1 Satur 100.tif,44,523,83.11269837220809
L10-1 FFPE Exp 14 ms Gain 1 Satur 100.tif,45,605,89.84062043356595
L10-1 FFPE Exp 14 ms Gain 1 Satur 100.tif,46,613,90.42640687119285
L10-1 FFPE Exp 14 ms Gain 1 Satur 100.tif,47,595,89.01219330881975
L10-1 FFPE Exp 14 ms Gain 1 Satur 100.tif,48,692,98.32590180780451
L10-1 FFPE Exp 14 ms Gain 1 Satur 100.tif,49,518,84.42640687119285
L10-1 FFPE Exp 14 ms Gain 1 Satur 100.tif,50,528,83.59797974644665
L10-1 FFPE Exp 14 ms Gain 1 Satur 100.tif,51,576,90.18376618407356
L10-1 FFPE Exp 14 ms Gain 1 Satur 100.tif,52,485,81.59797974644667
L10-1 FFPE Exp 14 ms Gain 1 Satur 100.tif,53,723,97.84062043356593
L10-1 FFPE Exp 14 ms Gain 1 Satur 100.tif,54,574,89.59797974644665
L10-1 FFPE Exp 14 ms Gain 1 Satur 100.tif,55,646,98.91168824543142
L10-1 FFPE Exp 14 ms Gain 1 Satur 100.tif,56,608,91.01219330881975
L10-1 FFPE Exp 14 ms Gain 1 Satur 100.tif,57,546,86.42640687119285
L10-1 FFPE Exp 14 ms Gain 1 Satur 100.tif,58,590,90.42640687119285
L10-1 FFPE Exp 14 ms Gain 1 Satur 100.tif,59,619,89.84062043356595
L10-1 FFPE Exp 14 ms Gain 1 Satur 100.tif,60,554,85.84062043356595
L10-1 FFPE Exp 14 ms Gain 1 Satur 100.tif,61,635,92.18376618407356
L10-1 FFPE Exp 14 ms Gain 1 Satur 100.tif,62,577,91.25483399593904
L10-1 FFPE Exp 14 ms Gain 1 Satur 100.tif,63,726,99.49747468305833
L10-1 FFPE Exp 14 ms Gain 1 Satur 100.tif,64,488,79.94112549695427
L10-1 FFPE Exp 14 ms Gain 1 Satur 100.tif,65,632,94.5269119345812
L10-1 FFPE Exp 14 ms Gain 1 Satur 100.tif,66,611,89.59797974644667
L10-1 FFPE Exp 14 ms Gain 1 Satur 100.tif,67,647,93.84062043356595
L10-1 FFPE Exp 14 ms Gain 1 Satur 100.tif,68,620,89.84062043356595
L10-1 FFPE Exp 14 ms Gain 1 Satur 100.tif,69,521,84.42640687119285
L10-1 FFPE Exp 14 ms Gain 1 Satur 100.tif,70,710,98.08326112068522
L10-1 FFPE Exp 14 ms Gain 1 Satur 100.tif,71,776,102.32590180780451
L10-1 FFPE Exp 14 ms Gain 1 Satur 100.tif,72,653,95.25483399593904
L10-1 FFPE Exp 14 ms Gain 1 Satur 100.tif,73,604,90.42640687119285
L10-1 FFPE Exp 14 ms Gain 1 Satur 100.tif,74,781,105.7401153701776
L10-1 FFPE Exp 14 ms Gain 1 Satur 100.tif,75,711,101.84062043356595
L10-1 FFPE Exp 14 ms Gain 1 Satur 100.tif,76,654,92.42640687119285
L10-1 FFPE Exp 14 ms Gain 1 Satur 100.tif,77,538,87.01219330881975
L10-1 FFPE Exp 14 ms Gain 1 Satur 100.tif,78,504,80.76955262170047
L10-1 FFPE Exp 14 ms Gain 1 Satur 100.tif,79,415,74.76955262170047
L10-1 FFPE Exp 14 ms Gain 1 Satur 100.tif,80,581,88.76955262170047
L10-1 FFPE Exp 14 ms Gain 1 Satur 100.tif,81,572,88.42640687119285
L10-1 FFPE Exp 14 ms Gain 1 Satur 100.tif,82,480,80.42640687119285
L10-1 FFPE Exp 14 ms Gain 1 Satur 100.tif,83,652,93.25483399593904
L10-1 FFPE Exp 14 ms Gain 1 Satur 100.tif,84,652,94.42640687119285
L10-1 FFPE Exp 14 ms Gain 1 Satur 100.tif,85,464,78.76955262170047
L10-1 FFPE Exp 14 ms Gain 1 Satur 100.tif,86,539,85.84062043356595
L10-1 FFPE Exp 14 ms Gain 1 Satur 100.tif,87,655,95.25483399593904
L10-1 FFPE Exp 14 ms Gain 1 Satur 100.tif,88,645,94.08326112068522
L10-1 FFPE Exp 14 ms Gain 1 Satur 100.tif,89,332,67.35533905932738
L10-1 FFPE Exp 14 ms Gain 1 Satur 100.tif,90,561,87.84062043356595
L10-1 FFPE Exp 14 ms Gain 1 Satur 100.tif,91,596,92.42640687119285
L10-1 FFPE Exp 14 ms Gain 1 Satur 100.tif,92,633,91.84062043356595
L10-1 FFPE Exp 14 ms Gain 1 Satur 100.tif,93,653,95.25483399593904
L10-1 FFPE Exp 14 ms Gain 1 Satur 100.tif,94,599,91.01219330881975
L10-1 FFPE Exp 14 ms Gain 1 Satur 100.tif,95,548,87.698484809835
L10-1 FFPE Exp 14 ms Gain 1 Satur 100.tif,96,689,96.66904755831214
L10-1 FFPE Exp 14 ms Gain 1 Satur 100.tif,97,406,73.35533905932738
L10-1 FFPE Exp 14 ms Gain 1 Satur 100.tif,98,666,95.84062043356595
L10-1 FFPE Exp 14 ms Gain 1 Satur 100.tif,99,513,83.84062043356595
L10-1 FFPE Exp 14 ms Gain 1 Satur 100.tif,100,755,104.08326112068522
L10-1 FFPE Exp 14 ms Gain 1 Satur 100.tif,101,711,99.49747468305833
L10-1 FFPE Exp 14 ms Gain 1 Satur 100.tif,102,634,91.84062043356595
L10-1 FFPE Exp 14 ms Gain 1 Satur 100.tif,103,437,76.76955262170047
L10-1 FFPE Exp 14 ms Gain 1 Satur 100.tif,104,841,112.66904755831213
L10-1 FFPE Exp 14 ms Gain 1 Satur 100.tif,105,642,94.42640687119285
L10-1 FFPE Exp 14 ms Gain 1 Satur 100.tif,106,769,105.25483399593904
L10-1 FFPE Exp 14 ms Gain 1 Satur 100.tif,107,748,101.49747468305833
L10-1 FFPE Exp 14 ms Gain 1 Satur 100.tif,108,656,94.66904755831213
L10-1 FFPE Exp 14 ms Gain 1 Satur 100.tif,109,639,94.66904755831214
L10-1 FFPE Exp 14 ms Gain 1 Satur 100.tif,110,597,91.01219330881976
L10-1 FFPE Exp 14 ms Gain 1 Satur 100.tif,111,385,73.94112549695427
L10-1 FFPE Exp 14 ms Gain 1 Satur 100.tif,112,552,87.01219330881976
L10-1 FFPE Exp 14 ms Gain 1 Satur 100.tif,113,632,92.18376618407356
L10-1 FFPE Exp 14 ms Gain 1 Satur 100.tif,114,284,62.52691193458118
L10-1 FFPE Exp 14 ms Gain 1 Satur 100.tif,115,462,79.25483399593904
L10-1 FFPE Exp 14 ms Gain 1 Satur 100.tif,116,846,106.91168824543142
L10-1 FFPE Exp 14 ms Gain 1 Satur 100.tif,117,602,90.08326112068522
L10-1 FFPE Exp 14 ms Gain 1 Satur 100.tif,118,622,92.08326112068522
L10-1 FFPE Exp 14 ms Gain 1 Satur 100.tif,119,625,91.59797974644665
L10-1 FFPE Exp 14 ms Gain 1 Satur 100.tif,120,702,102.91168824543142
L10-1 FFPE Exp 14 ms Gain 1 Satur 100.tif,121,784,103.49747468305833
L10-1 FFPE Exp 14 ms Gain 1 Satur 100.tif,122,575,87.59797974644667
L10-1 FFPE Exp 14 ms Gain 1 Satur 100.tif,123,603,90.08326112068522
L10-1 FFPE Exp 14 ms Gain 1 Satur 100.tif,124,589,91.84062043356595
L10-1 FFPE Exp 14 ms Gain 1 Satur 100.tif,125,487,84.76955262170047
L10-1 FFPE Exp 14 ms Gain 1 Satur 100.tif,126,224,62.62741699796952
L10-1 FFPE Exp 14 ms Gain 1 Satur 100.tif,127,712,99.25483399593904
L10-1 FFPE Exp 14 ms Gain 1 Satur 100.tif,128,419,77.45584412271572
L10-1 FFPE Exp 14 ms Gain 1 Satur 100.tif,129,573,87.84062043356595
L10-1 FFPE Exp 14 ms Gain 1 Satur 100.tif,130,505,82.42640687119285
L10-1 FFPE Exp 14 ms Gain 1 Satur 100.tif,131,412,74.87005768508881
L10-1 FFPE Exp 14 ms Gain 1 Satur 100.tif,132,715,98.08326112068522
L10-1 FFPE Exp 14 ms Gain 1 Satur 100.tif,133,748,100.66904755831214
L10-1 FFPE Exp 14 ms Gain 1 Satur 100.tif,134,680,96.08326112068522
L10-1 FFPE Exp 14 ms Gain 1 Satur 100.tif,135,585,89.01219330881975
L10-1 FFPE Exp 14 ms Gain 1 Satur 100.tif,136,622,98.32590180780451
L10-1 FFPE Exp 14 ms Gain 1 Satur 100.tif,137,661,94.08326112068522
L10-1 FFPE Exp 14 ms Gain 1 Satur 100.tif,138,636,94.08326112068522
L10-1 FFPE Exp 14 ms Gain 1 Satur 100.tif,139,687,95.84062043356593
L10-1 FFPE Exp 14 ms Gain 1 Satur 100.tif,140,712,99.25483399593904
L10-1 FFPE Exp 14 ms Gain 1 Satur 100.tif,141,656,94.08326112068524
L10-1 FFPE Exp 14 ms Gain 1 Satur 100.tif,142,738,98.91168824543142
L10-1 FFPE Exp 14 ms Gain 1 Satur 100.tif,143,511,84.42640687119285
L10-1 FFPE Exp 14 ms Gain 1 Satur 100.tif,144,610,91.01219330881975
L10-1 FFPE Exp 14 ms Gain 1 Satur 100.tif,145,441,81.01219330881975
L10-1 FFPE Exp 14 ms Gain 1 Satur 100.tif,146,456,81.01219330881975
L10-1 FFPE Exp 14 ms Gain 1 Satur 100.tif,147,866,106.91168824543142
L10-1 FFPE Exp 14 ms Gain 1 Satur 100.tif,148,631,93.84062043356595
L10-1 FFPE Exp 14 ms Gain 1 Satur 100.tif,149,908,111.49747468305833
L10-1 FFPE Exp 14 ms Gain 1 Satur 100.tif,150,634,94.42640687119285
L10-1 FFPE Exp 14 ms Gain 1 Satur 100.tif,151,658,92.76955262170046
L10-1 FFPE Exp 14 ms Gain 1 Satur 100.tif,152,599,90.91168824543142
L10-1 FFPE Exp 14 ms Gain 1 Satur 100.tif,153,522,85.01219330881975
L10-1 FFPE Exp 14 ms Gain 1 Satur 100.tif,154,316,66.5269119345812
L10-1 FFPE Exp 14 ms Gain 1 Satur 100.tif,155,556,87.01219330881975
L10-1 FFPE Exp 14 ms Gain 1 Satur 100.tif,156,395,74.52691193458118
L10-1 FFPE Exp 14 ms Gain 1 Satur 100.tif,157,848,106.32590180780451
L10-1 FFPE Exp 14 ms Gain 1 Satur 100.tif,158,512,82.52691193458118
L10-1 FFPE Exp 14 ms Gain 1 Satur 100.tif,159,614,91.84062043356595
L10-1 FFPE Exp 14 ms Gain 1 Satur 100.tif,160,711,98.32590180780451
L10-1 FFPE Exp 14 ms Gain 1 Satur 100.tif,161,568,88.18376618407356
L10-1 FFPE Exp 14 ms Gain 1 Satur 100.tif,162,881,115.49747468305833
L10-1 FFPE Exp 14 ms Gain 1 Satur 100.tif,163,596,92.42640687119285
L10-1 FFPE Exp 14 ms Gain 1 Satur 100.tif,164,463,77.94112549695427
L10-1 FFPE Exp 14 ms Gain 1 Satur 100.tif,165,750,103.7401153701776
L10-1 FFPE Exp 14 ms Gain 1 Satur 100.tif,166,878,112.91168824543142
L10-1 FFPE Exp 14 ms Gain 1 Satur 100.tif,167,645,104.22539674441619
L10-1 FFPE Exp 14 ms Gain 1 Satur 100.tif,168,500,85.59797974644667
L10-1 FFPE Exp 14 ms Gain 1 Satur 100.tif,169,612,91.25483399593904
L10-1 FFPE Exp 14 ms Gain 1 Satur 100.tif,170,822,106.91168824543142
L10-1 FFPE Exp 14 ms Gain 1 Satur 100.tif,171,210,52.04163056034261
L10-1 FFPE Exp 14 ms Gain 1 Satur 100.tif,172,459,78.18376618407356
L10-1 FFPE Exp 14 ms Gain 1 Satur 100.tif,173,643,96.91168824543142
L10-1 FFPE Exp 14 ms Gain 1 Satur 100.tif,174,429,76.76955262170047
L10-1 FFPE Exp 14 ms Gain 1 Satur 100.tif,175,544,85.25483399593904
L10-1 FFPE Exp 14 ms Gain 1 Satur 100.tif,176,773,104.08326112068522
L10-1 FFPE Exp 14 ms Gain 1 Satur 100.tif,177,433,75.94112549695429
L10-1 FFPE Exp 14 ms Gain 1 Satur 100.tif,178,670,98.91168824543142
L10-1 FFPE Exp 14 ms Gain 1 Satur 100.tif,179,1158,131.39696961967
L10-1 FFPE Exp 14 ms Gain 1 Satur 100.tif,180,757,101.84062043356595
L10-1 FFPE Exp 14 ms Gain 1 Satur 100.tif,181,852,109.74011537017762
L10-1 FFPE Exp 14 ms Gain 1 Satur 100.tif,182,197,50.04163056034261
L10-1 FFPE Exp 14 ms Gain 1 Satur 100.tif,183,948,113.25483399593904
L10-1 FFPE Exp 14 ms Gain 1 Satur 100.tif,184,754,101.25483399593904
L10-1 FFPE Exp 14 ms Gain 1 Satur 100.tif,185,413,80.42640687119285
L10-1 FFPE Exp 14 ms Gain 1 Satur 100.tif,186,410,81.698484809835
L10-1 FFPE Exp 14 ms Gain 1 Satur 100.tif,187,820,112.08326112068522
L10-1 FFPE Exp 14 ms Gain 1 Satur 100.tif,188,329,75.45584412271572
L10-1 FFPE Exp 14 ms Gain 1 Satur 100.tif,189,459,80.42640687119285
L10-1 FFPE Exp 14 ms Gain 1 Satur 100.tif,190,404,74.5269119345812
L10-1 FFPE Exp 14 ms Gain 1 Satur 100.tif,191,540,90.42640687119285
L10-1 FFPE Exp 14 ms Gain 1 Satur 100.tif,192,928,111.7401153701776
L10-1 FFPE Exp 14 ms Gain 1 Satur 100.tif,193,1033,119.49747468305833
L10-1 FFPE Exp 14 ms Gain 1 Satur 100.tif,194,447,84.08326112068522
L10-1 FFPE Exp 14 ms Gain 1 Satur 100.tif,195,433,77.59797974644665
L10-1 FFPE Exp 14 ms Gain 1 Satur 100.tif,196,781,107.25483399593904
L10-1 FFPE Exp 14 ms Gain 1 Satur 100.tif,197,635,92.42640687119285
L10-1 FFPE Exp 14 ms Gain 1 Satur 100.tif,198,604,95.84062043356595
L10-1 FFPE Exp 14 ms Gain 1 Satur 100.tif,199,585,89.84062043356595
L10-1 FFPE Exp 14 ms Gain 1 Satur 100.tif,200,948,115.1543289325507
L10-1 FFPE Exp 14 ms Gain 1 Satur 100.tif,201,261,63.21320343559643
L10-1 FFPE Exp 14 ms Gain 1 Satur 100.tif,202,257,58.04163056034261
L10-1 FFPE Exp 14 ms Gain 1 Satur 100.tif,203,479,82.18376618407356
L10-1 FFPE Exp 14 ms Gain 1 Satur 100.tif,204,662,96.08326112068522
L10-1 FFPE Exp 14 ms Gain 1 Satur 100.tif,205,1180,135.78174593052023
L10-1 FFPE Exp 14 ms Gain 1 Satur 100.tif,206,723,99.49747468305833
L10-1 FFPE Exp 14 ms Gain 1 Satur 100.tif,207,737,98.42640687119285
L10-1 FFPE Exp 14 ms Gain 1 Satur 100.tif,208,545,94.08326112068522
L10-1 FFPE Exp 14 ms Gain 1 Satur 100.tif,209,686,99.25483399593904
L10-1 FFPE Exp 14 ms Gain 1 Satur 100.tif,210,729,98.08326112068524
L10-1 FFPE Exp 14 ms Gain 1 Satur 100.tif,211,906,110.91168824543142
L10-1 FFPE Exp 14 ms Gain 1 Satur 100.tif,212,373,70.2842712474619
L10-1 FFPE Exp 14 ms Gain 1 Satur 100.tif,213,371,72.18376618407356
L10-1 FFPE Exp 14 ms Gain 1 Satur 100.tif,214,465,82.42640687119285
L10-1 FFPE Exp 14 ms Gain 1 Satur 100.tif,215,894,111.25483399593904
L10-1 FFPE Exp 14 ms Gain 1 Satur 100.tif,216,1016,117.98275605729688
L10-1 FFPE Exp 14 ms Gain 1 Satur 100.tif,217,336,68.52691193458118
L10-1 FFPE Exp 14 ms Gain 1 Satur 100.tif,218,396,73.35533905932738
L10-1 FFPE Exp 14 ms Gain 1 Satur 100.tif,219,363,69.94112549695429
L10-1 FFPE Exp 14 ms Gain 1 Satur 100.tif,220,1404,146.95331880577402
L10-1 FFPE Exp 14 ms Gain 1 Satur 100.tif,221,315,66.2842712474619
L10-1 FFPE Exp 14 ms Gain 1 Satur 100.tif,222,626,95.49747468305833
L10-1 FFPE Exp 14 ms Gain 1 Satur 100.tif,223,324,65.698484809835
L10-1 FFPE Exp 14 ms Gain 1 Satur 100.tif,224,1011,129.29646455628165
L10-1 FFPE Exp 14 ms Gain 1 Satur 100.tif,225,459,83.45584412271572
L10-1 FFPE Exp 14 ms Gain 1 Satur 100.tif,226,1298,140.22539674441617
L10-1 FFPE Exp 14 ms Gain 1 Satur 100.tif,227,1019,119.74011537017762
L10-1 FFPE Exp 14 ms Gain 1 Satur 100.tif,228,391,76.56244584051393
L10-1 FFPE Exp 14 ms Gain 1 Satur 100.tif,229,325,75.21320343559643
L10-1 FFPE Exp 14 ms Gain 1 Satur 100.tif,230,454,82.18376618407356
L10-1 FFPE Exp 14 ms Gain 1 Satur 100.tif,231,871,109.39696961966999
L10-1 FFPE Exp 14 ms Gain 1 Satur 100.tif,232,1623,153.78174593052023
L10-1 FFPE Exp 14 ms Gain 1 Satur 100.tif,233,615,93.59797974644665
L10-1 FFPE Exp 14 ms Gain 1 Satur 100.tif,234,374,71.11269837220809
L10-1 FFPE Exp 14 ms Gain 1 Satur 100.tif,235,638,97.9827560572969
L10-1 FFPE Exp 14 ms Gain 1 Satur 100.tif,236,298,62.2842712474619
L10-1 FFPE Exp 14 ms Gain 1 Satur 100.tif,237,344,74.8700576850888
L10-1 FFPE Exp 14 ms Gain 1 Satur 100.tif,238,1511,147.53910524340094
L10-1 FFPE Exp 14 ms Gain 1 Satur 100.tif,239,1070,123.63961030678928
L10-1 FFPE Exp 14 ms Gain 1 Satur 100.tif,240,803,104.32590180780451
L10-1 FFPE Exp 14 ms Gain 1 Satur 100.tif,241,286,64.8700576850888
L10-1 FFPE Exp 14 ms Gain 1 Satur 100.tif,242,517,87.84062043356595
L10-1 FFPE Exp 14 ms Gain 1 Satur 100.tif,243,317,66.04163056034261
L10-1 FFPE Exp 14 ms Gain 1 Satur 100.tif,244,217,60.384776310850235
L23-1 Cryo 2 Exp 15 ms Gain 1 Satur 100.tif,1,549,85.59797974644665
L23-1 Cryo 2 Exp 15 ms Gain 1 Satur 100.tif,2,1733,156.95331880577405
L23-1 Cryo 2 Exp 15 ms Gain 1 Satur 100.tif,3,1024,119.1543289325507
L23-1 Cryo 2 Exp 15 ms Gain 1 Satur 100.tif,4,739,101.49747468305833
L23-1 Cryo 2 Exp 15 ms Gain 1 Satur 100.tif,5,1260,131.0538238691624
L23-1 Cryo 2 Exp 15 ms Gain 1 Satur 100.tif,6,729,100.91168824543142
L23-1 Cryo 2 Exp 15 ms Gain 1 Satur 100.tif,7,958,117.39696961966999
L23-1 Cryo 2 Exp 15 ms Gain 1 Satur 100.tif,8,1447,146.71067811865476
L23-1 Cryo 2 Exp 15 ms Gain 1 Satur 100.tif,9,918,115.7401153701776
L23-1 Cryo 2 Exp 15 ms Gain 1 Satur 100.tif,10,1108,122.8111831820431
L23-1 Cryo 2 Exp 15 ms Gain 1 Satur 100.tif,11,867,111.39696961966999
L23-1 Cryo 2 Exp 15 ms Gain 1 Satur 100.tif,12,968,123.7401153701776
L23-1 Cryo 2 Exp 15 ms Gain 1 Satur 100.tif,13,1025,118.5685424949238
L23-1 Cryo 2 Exp 15 ms Gain 1 Satur 100.tif,14,912,110.5685424949238
L23-1 Cryo 2 Exp 15 ms Gain 1 Satur 100.tif,15,516,83.01219330881976
L23-1 Cryo 2 Exp 15 ms Gain 1 Satur 100.tif,16,901,111.9827560572969
L23-1 Cryo 2 Exp 15 ms Gain 1 Satur 100.tif,17,543,85.01219330881976
L23-1 Cryo 2 Exp 15 ms Gain 1 Satur 100.tif,18,1037,118.32590180780451
L23-1 Cryo 2 Exp 15 ms Gain 1 Satur 100.tif,19,1253,129.9827560572969
L23-1 Cryo 2 Exp 15 ms Gain 1 Satur 100.tif,20,1016,127.05382386916237
L23-1 Cryo 2 Exp 15 ms Gain 1 Satur 100.tif,21,1076,123.05382386916237
L23-1 Cryo 2 Exp 15 ms Gain 1 Satur 100.tif,22,1000,117.98275605729688
L23-1 Cryo 2 Exp 15 ms Gain 1 Satur 100.tif,23,496,80.76955262170047
L23-1 Cryo 2 Exp 15 ms Gain 1 Satur 100.tif,24,938,113.1543289325507
L23-1 Cryo 2 Exp 15 ms Gain 1 Satur 100.tif,25,714,98.66904755831214
L23-1 Cryo 2 Exp 15 ms Gain 1 Satur 100.tif,26,759,102.08326112068522
L23-1 Cryo 2 Exp 15 ms Gain 1 Satur 100.tif,27,821,105.7401153701776
L23-1 Cryo 2 Exp 15 ms Gain 1 Satur 100.tif,28,1071,121.98275605729688
L23-1 Cryo 2 Exp 15 ms Gain 1 Satur 100.tif,29,1123,126.22539674441617
L23-1 Cryo 2 Exp 15 ms Gain 1 Satur 100.tif,30,966,116.5685424949238
L23-1 Cryo 2 Exp 15 ms Gain 1 Satur 100.tif,31,470,78.76955262170047
L23-1 Cryo 2 Exp 15 ms Gain 1 Satur 100.tif,32,945,115.1543289325507
L23-1 Cryo 2 Exp 15 ms Gain 1 Satur 100.tif,33,1042,119.39696961966999
L23-1 Cryo 2 Exp 15 ms Gain 1 Satur 100.tif,34,655,96.08326112068522
L23-1 Cryo 2 Exp 15 ms Gain 1 Satur 100.tif,35,582,91.25483399593904
L23-1 Cryo 2 Exp 15 ms Gain 1 Satur 100.tif,36,969,117.1543289325507
L23-1 Cryo 2 Exp 15 ms Gain 1 Satur 100.tif,37,1469,141.05382386916236
L23-1 Cryo 2 Exp 15 ms Gain 1 Satur 100.tif,38,459,77.11269837220809
L23-1 Cryo 2 Exp 15 ms Gain 1 Satur 100.tif,39,899,110.08326112068522
L23-1 Cryo 2 Exp 15 ms Gain 1 Satur 100.tif,40,906,114.08326112068524
L23-1 Cryo 2 Exp 15 ms Gain 1 Satur 100.tif,41,811,107.01219330881976
L23-1 Cryo 2 Exp 15 ms Gain 1 Satur 100.tif,42,726,107.94112549695427
L23-1 Cryo 2 Exp 15 ms Gain 1 Satur 100.tif,43,657,100.5685424949238
L23-1 Cryo 2 Exp 15 ms Gain 1 Satur 100.tif,44,789,103.25483399593904
L23-1 Cryo 2 Exp 15 ms Gain 1 Satur 100.tif,45,1273,131.88225099390854
L23-1 Cryo 2 Exp 15 ms Gain 1 Satur 100.tif,46,874,111.7401153701776
L23-1 Cryo 2 Exp 15 ms Gain 1 Satur 100.tif,47,788,103.84062043356595
L23-1 Cryo 2 Exp 15 ms Gain 1 Satur 100.tif,48,721,100.32590180780451
L23-1 Cryo 2 Exp 15 ms Gain 1 Satur 100.tif,49,840,108.9116882454314
L23-1 Cryo 2 Exp 15 ms Gain 1 Satur 100.tif,50,723,98.42640687119285
L23-1 Cryo 2 Exp 15 ms Gain 1 Satur 100.tif,51,1152,125.9827560572969
L23-1 Cryo 2 Exp 15 ms Gain 1 Satur 100.tif,52,915,113.1543289325507
L23-1 Cryo 2 Exp 15 ms Gain 1 Satur 100.tif,53,1055,122.5685424949238
L23-1 Cryo 2 Exp 15 ms Gain 1 Satur 100.tif,54,663,94.42640687119285
L23-1 Cryo 2 Exp 15 ms Gain 1 Satur 100.tif,55,965,122.66904755831213
L23-1 Cryo 2 Exp 15 ms Gain 1 Satur 100.tif,56,1237,131.63961030678928
L23-1 Cryo 2 Exp 15 ms Gain 1 Satur 100.tif,57,1038,121.39696961966999
L23-1 Cryo 2 Exp 15 ms Gain 1 Satur 100.tif,58,666,96.66904755831214
L23-1 Cryo 2 Exp 15 ms Gain 1 Satur 100.tif,59,821,107.74011537017762
L23-1 Cryo 2 Exp 15 ms Gain 1 Satur 100.tif,60,235,55.698484809834994
L23-1 Cryo 2 Exp 15 ms Gain 1 Satur 100.tif,61,765,102.32590180780451
L23-1 Cryo 2 Exp 15 ms Gain 1 Satur 100.tif,62,683,99.1543289325507
L23-1 Cryo 2 Exp 15 ms Gain 1 Satur 100.tif,63,800,106.91168824543142
L23-1 Cryo 2 Exp 15 ms Gain 1 Satur 100.tif,64,934,113.1543289325507
L23-1 Cryo 2 Exp 15 ms Gain 1 Satur 100.tif,65,596,89.01219330881976
L23-1 Cryo 2 Exp 15 ms Gain 1 Satur 100.tif,66,490,81.59797974644667
L23-1 Cryo 2 Exp 15 ms Gain 1 Satur 100.tif,67,663,101.39696961966999
L23-1 Cryo 2 Exp 15 ms Gain 1 Satur 100.tif,68,853,109.9827560572969
L23-1 Cryo 2 Exp 15 ms Gain 1 Satur 100.tif,69,1246,132.12489168102783
L23-1 Cryo 2 Exp 15 ms Gain 1 Satur 100.tif,70,1386,137.63961030678928
L23-1 Cryo 2 Exp 15 ms Gain 1 Satur 100.tif,71,1079,121.98275605729688
L23-1 Cryo 2 Exp 15 ms Gain 1 Satur 100.tif,72,500,84.18376618407356
L23-1 Cryo 2 Exp 15 ms Gain 1 Satur 100.tif,73,1220,129.0538238691624
L23-1 Cryo 2 Exp 15 ms Gain 1 Satur 100.tif,74,819,104.91168824543142
L23-1 Cryo 2 Exp 15 ms Gain 1 Satur 100.tif,75,465,84.42640687119285
L23-1 Cryo 2 Exp 15 ms Gain 1 Satur 100.tif,76,792,105.49747468305833
L23-1 Cryo 2 Exp 15 ms Gain 1 Satur 100.tif,77,1082,121.1543289325507
L23-1 Cryo 2 Exp 15 ms Gain 1 Satur 100.tif,78,188,60.970562748477136
L23-1 Cryo 2 Exp 15 ms Gain 1 Satur 100.tif,79,994,118.5685424949238
L23-1 Cryo 2 Exp 15 ms Gain 1 Satur 100.tif,80,1038,119.1543289325507
L23-1 Cryo 2 Exp 15 ms Gain 1 Satur 100.tif,81,479,91.11269837220809
L23-1 Cryo 2 Exp 15 ms Gain 1 Satur 100.tif,82,862,112.5685424949238
L23-1 Cryo 2 Exp 15 ms Gain 1 Satur 100.tif,83,707,101.1543289325507
L23-1 Cryo 2 Exp 15 ms Gain 1 Satur 100.tif,84,1743,155.88225099390854
L23-1 Cryo 2 Exp 15 ms Gain 1 Satur 100.tif,85,1558,149.53910524340094
L23-1 Cryo 2 Exp 15 ms Gain 1 Satur 100.tif,86,1369,135.63961030678928
L23-1 Cryo 2 Exp 15 ms Gain 1 Satur 100.tif,87,248,59.698484809834994
L23-1 Cryo 2 Exp 15 ms Gain 1 Satur 100.tif,88,1654,151.53910524340094
L23-1 Cryo 2 Exp 15 ms Gain 1 Satur 100.tif,89,249,56.87005768508881
L23-1 Cryo 2 Exp 15 ms Gain 1 Satur 100.tif,90,517,84.42640687119285
L23-1 Cryo 2 Exp 15 ms Gain 1 Satur 100.tif,91,729,103.25483399593904
L23-1 Cryo 2 Exp 15 ms Gain 1 Satur 100.tif,92,1202,133.98275605729688
L23-1 Cryo 2 Exp 15 ms Gain 1 Satur 100.tif,93,967,116.66904755831213
L23-1 Cryo 2 Exp 15 ms Gain 1 Satur 100.tif,94,904,114.5685424949238
L23-1 Cryo 2 Exp 15 ms Gain 1 Satur 100.tif,95,829,108.08326112068522
L23-1 Cryo 2 Exp 15 ms Gain 1 Satur 100.tif,96,344,68.2842712474619
L23-1 Cryo 2 Exp 15 ms Gain 1 Satur 100.tif,97,840,106.08326112068522
L23-1 Cryo 2 Exp 15 ms Gain 1 Satur 100.tif,98,553,88.42640687119285
L23-1 Cryo 2 Exp 15 ms Gain 1 Satur 100.tif,99,569,88.42640687119285
L23-1 Cryo 2 Exp 15 ms Gain 1 Satur 100.tif,100,494,84.08326112068522
L23-1 Cryo 2 Exp 15 ms Gain 1 Satur 100.tif,101,778,107.01219330881975
L23-1 Cryo 2 Exp 15 ms Gain 1 Satur 100.tif,102,634,97.25483399593904
L23-1 Cryo 2 Exp 15 ms Gain 1 Satur 100.tif,103,964,118.22539674441617
L23-1 Cryo 2 Exp 15 ms Gain 1 Satur 100.tif,104,474,104.5269119345812
L23-1 Cryo 2 Exp 15 ms Gain 1 Satur 100.tif,105,761,103.74011537017762
L23-1 Cryo 2 Exp 15 ms Gain 1 Satur 100.tif,106,375,72.18376618407356
L23-1 Cryo 2 Exp 15 ms Gain 1 Satur 100.tif,107,267,59.698484809834994
L23-1 Cryo 2 Exp 15 ms Gain 1 Satur 100.tif,108,814,112.66904755831214
L23-1 Cryo 2 Exp 15 ms Gain 1 Satur 100.tif,109,986,117.1543289325507
L23-1 Cryo 2 Exp 15 ms Gain 1 Satur 100.tif,110,1099,122.5685424949238
L23-1 Cryo 2 Exp 15 ms Gain 1 Satur 100.tif,111,670,103.39696961966999
L23-1 Cryo 2 Exp 15 ms Gain 1 Satur 100.tif,112,771,104.42640687119285
L23-1 Cryo 2 Exp 15 ms Gain 1 Satur 100.tif,113,501,95.84062043356593
L23-1 Cryo 2 Exp 15 ms Gain 1 Satur 100.tif,114,990,122.5685424949238
L23-1 Cryo 2 Exp 15 ms Gain 1 Satur 100.tif,115,1098,127.05382386916236
L23-1 Cryo 2 Exp 15 ms Gain 1 Satur 100.tif,116,497,81.59797974644665
L23-1 Cryo 2 Exp 15 ms Gain 1 Satur 100.tif,117,475,83.59797974644667
L23-1 Cryo 2 Exp 15 ms Gain 1 Satur 100.tif,118,1268,136.71067811865476
L23-1 Cryo 2 Exp 15 ms Gain 1 Satur 100.tif,119,1366,137.29646455628165
L23-1 Cryo 2 Exp 15 ms Gain 1 Satur 100.tif,120,298,68.18376618407356
L23-1 Cryo 2 Exp 15 ms Gain 1 Satur 100.tif,121,341,75.25483399593904
L23-1 Cryo 2 Exp 15 ms Gain 1 Satur 100.tif,122,1369,139.63961030678928
L23-1 Cryo 2 Exp 15 ms Gain 1 Satur 100.tif,123,889,115.39696961966999
L23-1 Cryo 2 Exp 15 ms Gain 1 Satur 100.tif,124,1068,121.39696961966999
L23-1 Cryo 2 Exp 15 ms Gain 1 Satur 100.tif,125,610,91.59797974644667
L23-1 Cryo 2 Exp 15 ms Gain 1 Satur 100.tif,126,383,71.11269837220809
L23-1 Cryo 2 Exp 15 ms Gain 1 Satur 100.tif,127,787,107.25483399593904
L23-1 Cryo 2 Exp 15 ms Gain 1 Satur 100.tif,128,882,110.8111831820431
L23-1 Cryo 2 Exp 15 ms Gain 1 Satur 100.tif,129,228,56.04163056034261
L23-1 Cryo 2 Exp 15 ms Gain 1 Satur 100.tif,130,1449,141.88225099390854
L23-1 Cryo 2 Exp 15 ms Gain 1 Satur 100.tif,131,457,79.35533905932738
L23-1 Cryo 2 Exp 15 ms Gain 1 Satur 100.tif,132,347,70.76955262170047
L23-1 Cryo 2 Exp 15 ms Gain 1 Satur 100.tif,133,1159,126.22539674441619
L23-1 Cryo 2 Exp 15 ms Gain 1 Satur 100.tif,134,704,100.66904755831213
L23-1 Cryo 2 Exp 15 ms Gain 1 Satur 100.tif,135,1340,135.63961030678928
L23-1 Cryo 2 Exp 15 ms Gain 1 Satur 100.tif,136,1676,160.36753236814712
L23-1 Cryo 2 Exp 15 ms Gain 1 Satur 100.tif,137,1042,119.74011537017762
L23-1 Cryo 2 Exp 15 ms Gain 1 Satur 100.tif,138,379,73.59797974644667
L23-1 Cryo 2 Exp 15 ms Gain 1 Satur 100.tif,139,844,108.08326112068522
L23-1 Cryo 2 Exp 15 ms Gain 1 Satur 100.tif,140,438,85.97665940288701
L23-1 Cryo 2 Exp 15 ms Gain 1 Satur 100.tif,141,1276,131.63961030678928
L23-1 Cryo 2 Exp 15 ms Gain 1 Satur 100.tif,142,370,77.01219330881975
L23-1 Cryo 2 Exp 15 ms Gain 1 Satur 100.tif,143,601,97.35533905932738
L23-1 Cryo 2 Exp 15 ms Gain 1 Satur 100.tif,144,945,114.91168824543142
L23-1 Cryo 2 Exp 15 ms Gain 1 Satur 100.tif,145,893,111.9827560572969
L23-1 Cryo 2 Exp 15 ms Gain 1 Satur 100.tif,146,704,107.63961030678928
L23-1 Cryo 2 Exp 15 ms Gain 1 Satur 100.tif,147,385,71.35533905932738
L23-1 Cryo 2 Exp 15 ms Gain 1 Satur 100.tif,148,817,106.08326112068522
L23-1 Cryo 2 Exp 15 ms Gain 1 Satur 100.tif,149,698,99.49747468305833
L23-1 Cryo 2 Exp 15 ms Gain 1 Satur 100.tif,150,1346,142.81118318204307
L23-1 Cryo 2 Exp 15 ms Gain 1 Satur 100.tif,151,275,60.87005768508881
L23-1 Cryo 2 Exp 15 ms Gain 1 Satur 100.tif,152,1864,176.12489168102786
L23-1 Cryo 2 Exp 15 ms Gain 1 Satur 100.tif,153,917,110.08326112068524
L23-1 Cryo 2 Exp 15 ms Gain 1 Satur 100.tif,154,1003,125.53910524340094
L23-1 Cryo 2 Exp 15 ms Gain 1 Satur 100.tif,155,320,65.4558441227157
L23-1 Cryo 2 Exp 15 ms Gain 1 Satur 100.tif,156,402,74.18376618407356
L23-1 Cryo 2 Exp 15 ms Gain 1 Satur 100.tif,157,361,69.11269837220809
L23-1 Cryo 2 Exp 15 ms Gain 1 Satur 100.tif,158,1030,117.74011537017762
L23-1 Cryo 2 Exp 15 ms Gain 1 Satur 100.tif,159,239,56.62741699796952
L23-1 Cryo 2 Exp 15 ms Gain 1 Satur 100.tif,160,1572,151.39696961967
L23-1 Cryo 2 Exp 15 ms Gain 1 Satur 100.tif,161,1116,122.5685424949238
L23-1 Cryo 2 Exp 15 ms Gain 1 Satur 100.tif,162,351,76.66904755831214
L23-1 Cryo 2 Exp 15 ms Gain 1 Satur 100.tif,163,405,81.59797974644667
L23-1 Cryo 2 Exp 15 ms Gain 1 Satur 100.tif,164,1018,118.22539674441617
L23-1 Cryo 2 Exp 15 ms Gain 1 Satur 100.tif,165,639,95.84062043356595
L23-1 Cryo 2 Exp 15 ms Gain 1 Satur 100.tif,166,1054,121.39696961966999
L23-1 Cryo 2 Exp 15 ms Gain 1 Satur 100.tif,167,561,88.42640687119285
L23-1 Cryo 2 Exp 15 ms Gain 1 Satur 100.tif,168,258,58.62741699796952
L23-1 Cryo 2 Exp 15 ms Gain 1 Satur 100.tif,169,792,108.9116882454314
L23-1 Cryo 2 Exp 15 ms Gain 1 Satur 100.tif,170,231,55.11269837220809
L23-1 Cryo 2 Exp 15 ms Gain 1 Satur 100.tif,171,451,79.59797974644665
L23-1 Cryo 2 Exp 15 ms Gain 1 Satur 100.tif,172,547,95.01219330881975
L23-1 Cryo 2 Exp 15 ms Gain 1 Satur 100.tif,173,1238,131.39696961967
L23-1 Cryo 2 Exp 15 ms Gain 1 Satur 100.tif,174,966,116.32590180780451
L23-1 Cryo 2 Exp 15 ms Gain 1 Satur 100.tif,175,1124,123.9827560572969
L23-1 Cryo 2 Exp 15 ms Gain 1 Satur 100.tif,176,1163,132.3259018078045
L23-1 Cryo 2 Exp 15 ms Gain 1 Satur 100.tif,177,548,89.35533905932738
L23-1 Cryo 2 Exp 15 ms Gain 1 Satur 100.tif,178,1104,123.39696961966999
L23-1 Cryo 2 Exp 15 ms Gain 1 Satur 100.tif,179,970,121.63961030678927
L23-1 Cryo 2 Exp 15 ms Gain 1 Satur 100.tif,180,779,104.08326112068522
L23-1 Cryo Exp 15 ms Gain 1 Satur 100.tif,1,1470,142.71067811865476
L23-1 Cryo Exp 15 ms Gain 1 Satur 100.tif,2,1216,128.81118318204307
L23-1 Cryo Exp 15 ms Gain 1 Satur 100.tif,3,1469,141.88225099390854
L23-1 Cryo Exp 15 ms Gain 1 Satur 100.tif,4,948,114.32590180780451
L23-1 Cryo Exp 15 ms Gain 1 Satur 100.tif,5,995,117.39696961966999
L23-1 Cryo Exp 15 ms Gain 1 Satur 100.tif,6,1158,125.39696961966999
L23-1 Cryo Exp 15 ms Gain 1 Satur 100.tif,7,1028,120.46803743153546
L23-1 Cryo Exp 15 ms Gain 1 Satur 100.tif,8,975,115.98275605729688
L23-1 Cryo Exp 15 ms Gain 1 Satur 100.tif,9,965,113.7401153701776
L23-1 Cryo Exp 15 ms Gain 1 Satur 100.tif,10,827,106.9116882454314
L23-1 Cryo Exp 15 ms Gain 1 Satur 100.tif,11,823,105.9827560572969
L23-1 Cryo Exp 15 ms Gain 1 Satur 100.tif,12,1070,120.81118318204308
L23-1 Cryo Exp 15 ms Gain 1 Satur 100.tif,13,1134,125.63961030678927
L23-1 Cryo Exp 15 ms Gain 1 Satur 100.tif,14,1273,133.0538238691624
L23-1 Cryo Exp 15 ms Gain 1 Satur 100.tif,15,1097,122.22539674441617
L23-1 Cryo Exp 15 ms Gain 1 Satur 100.tif,16,974,115.74011537017762
L23-1 Cryo Exp 15 ms Gain 1 Satur 100.tif,17,550,86.76955262170047
L23-1 Cryo Exp 15 ms Gain 1 Satur 100.tif,18,889,109.7401153701776
L23-1 Cryo Exp 15 ms Gain 1 Satur 100.tif,19,1117,123.98275605729688
L23-1 Cryo Exp 15 ms Gain 1 Satur 100.tif,20,948,113.74011537017762
L23-1 Cryo Exp 15 ms Gain 1 Satur 100.tif,21,670,95.25483399593904
L23-1 Cryo Exp 15 ms Gain 1 Satur 100.tif,22,721,98.91168824543142
L23-1 Cryo Exp 15 ms Gain 1 Satur 100.tif,23,949,113.74011537017762
L23-1 Cryo Exp 15 ms Gain 1 Satur 100.tif,24,699,100.08326112068522
L23-1 Cryo Exp 15 ms Gain 1 Satur 100.tif,25,985,117.74011537017762
L23-1 Cryo Exp 15 ms Gain 1 Satur 100.tif,26,783,104.08326112068522
L23-1 Cryo Exp 15 ms Gain 1 Satur 100.tif,27,1059,121.1543289325507
L23-1 Cryo Exp 15 ms Gain 1 Satur 100.tif,28,645,95.74011537017762
L23-1 Cryo Exp 15 ms Gain 1 Satur 100.tif,29,1080,122.5685424949238
L23-1 Cryo Exp 15 ms Gain 1 Satur 100.tif,30,710,100.08326112068522
L23-1 Cryo Exp 15 ms Gain 1 Satur 100.tif,31,941,114.32590180780451
L23-1 Cryo Exp 15 ms Gain 1 Satur 100.tif,32,543,85.01219330881975
L23-1 Cryo Exp 15 ms Gain 1 Satur 100.tif,33,827,105.49747468305833
L23-1 Cryo Exp 15 ms Gain 1 Satur 100.tif,34,916,115.63961030678928
L23-1 Cryo Exp 15 ms Gain 1 Satur 100.tif,35,363,70.5269119345812
L23-1 Cryo Exp 15 ms Gain 1 Satur 100.tif,36,1018,117.74011537017762
L23-1 Cryo Exp 15 ms Gain 1 Satur 100.tif,37,685,96.66904755831214
L23-1 Cryo Exp 15 ms Gain 1 Satur 100.tif,38,1084,121.39696961966999
L23-1 Cryo Exp 15 ms Gain 1 Satur 100.tif,39,779,103.74011537017762
L23-1 Cryo Exp 15 ms Gain 1 Satur 100.tif,40,943,112.91168824543142
L23-1 Cryo Exp 15 ms Gain 1 Satur 100.tif,41,402,78.52691193458118
L23-1 Cryo Exp 15 ms Gain 1 Satur 100.tif,42,1259,132.46803743153546
L23-1 Cryo Exp 15 ms Gain 1 Satur 100.tif,43,816,104.91168824543142
L23-1 Cryo Exp 15 ms Gain 1 Satur 100.tif,44,358,72.76955262170047
L23-1 Cryo Exp 15 ms Gain 1 Satur 100.tif,45,559,92.5269119345812
L23-1 Cryo Exp 15 ms Gain 1 Satur 100.tif,46,1404,139.0538238691624
L23-1 Cryo Exp 15 ms Gain 1 Satur 100.tif,47,1155,125.7401153701776
L23-1 Cryo Exp 15 ms Gain 1 Satur 100.tif,48,839,110.91168824543142
L23-1 Cryo Exp 15 ms Gain 1 Satur 100.tif,49,786,105.49747468305833
L23-1 Cryo Exp 15 ms Gain 1 Satur 100.tif,50,675,99.84062043356595
L23-1 Cryo Exp 15 ms Gain 1 Satur 100.tif,51,1079,121.9827560572969
L23-1 Cryo Exp 15 ms Gain 1 Satur 100.tif,52,844,107.1543289325507
L23-1 Cryo Exp 15 ms Gain 1 Satur 100.tif,53,589,89.25483399593904
L23-1 Cryo Exp 15 ms Gain 1 Satur 100.tif,54,981,114.32590180780451
L23-1 Cryo Exp 15 ms Gain 1 Satur 100.tif,55,1345,136.71067811865476
L23-1 Cryo Exp 15 ms Gain 1 Satur 100.tif,56,947,113.98275605729688
L23-1 Cryo Exp 15 ms Gain 1 Satur 100.tif,57,1068,121.1543289325507
L23-1 Cryo Exp 15 ms Gain 1 Satur 100.tif,58,655,93.25483399593904
L23-1 Cryo Exp 15 ms Gain 1 Satur 100.tif,59,1275,136.71067811865476
L23-1 Cryo Exp 15 ms Gain 1 Satur 100.tif,60,658,94.66904755831214
L23-1 Cryo Exp 15 ms Gain 1 Satur 100.tif,61,828,106.66904755831213
L23-1 Cryo Exp 15 ms Gain 1 Satur 100.tif,62,918,112.32590180780451
L23-1 Cryo Exp 15 ms Gain 1 Satur 100.tif,63,753,101.49747468305833
L23-1 Cryo Exp 15 ms Gain 1 Satur 100.tif,64,904,111.1543289325507
L23-1 Cryo Exp 15 ms Gain 1 Satur 100.tif,65,964,115.1543289325507
L23-1 Cryo Exp 15 ms Gain 1 Satur 100.tif,66,918,112.5685424949238
L23-1 Cryo Exp 15 ms Gain 1 Satur 100.tif,67,613,89.84062043356595
L23-1 Cryo Exp 15 ms Gain 1 Satur 100.tif,68,1123,127.39696961966999
L23-1 Cryo Exp 15 ms Gain 1 Satur 100.tif,69,469,79.11269837220809
L23-1 Cryo Exp 15 ms Gain 1 Satur 100.tif,70,757,102.66904755831213
L23-1 Cryo Exp 15 ms Gain 1 Satur 100.tif,71,812,107.7401153701776
L23-1 Cryo Exp 15 ms Gain 1 Satur 100.tif,72,999,117.39696961966999
L23-1 Cryo Exp 15 ms Gain 1 Satur 100.tif,73,755,103.49747468305833
L23-1 Cryo Exp 15 ms Gain 1 Satur 100.tif,74,578,88.18376618407356
L23-1 Cryo Exp 15 ms Gain 1 Satur 100.tif,75,491,84.42640687119285
L23-1 Cryo Exp 15 ms Gain 1 Satur 100.tif,76,674,106.46803743153546
L23-1 Cryo Exp 15 ms Gain 1 Satur 100.tif,77,855,109.1543289325507
L23-1 Cryo Exp 15 ms Gain 1 Satur 100.tif,78,415,73.94112549695427
L23-1 Cryo Exp 15 ms Gain 1 Satur 100.tif,79,195,59.55634918610404
L23-1 Cryo Exp 15 ms Gain 1 Satur 100.tif,80,987,118.56854249492379
L23-1 Cryo Exp 15 ms Gain 1 Satur 100.tif,81,733,101.84062043356593
L23-1 Cryo Exp 15 ms Gain 1 Satur 100.tif,82,891,109.49747468305833
L23-1 Cryo Exp 15 ms Gain 1 Satur 100.tif,83,864,111.49747468305833
L23-1 Cryo Exp 15 ms Gain 1 Satur 100.tif,84,1019,121.98275605729688
L23-1 Cryo Exp 15 ms Gain 1 Satur 100.tif,85,948,113.49747468305833
L23-1 Cryo Exp 15 ms Gain 1 Satur 100.tif,86,1168,128.71067811865476
L23-1 Cryo Exp 15 ms Gain 1 Satur 100.tif,87,825,107.49747468305833
L23-1 Cryo Exp 15 ms Gain 1 Satur 100.tif,88,937,113.7401153701776
L23-1 Cryo Exp 15 ms Gain 1 Satur 100.tif,89,1009,118.32590180780451
L23-1 Cryo Exp 15 ms Gain 1 Satur 100.tif,90,915,111.7401153701776
L23-1 Cryo Exp 15 ms Gain 1 Satur 100.tif,91,592,89.59797974644665
L23-1 Cryo Exp 15 ms Gain 1 Satur 100.tif,92,750,107.25483399593904
L23-1 Cryo Exp 15 ms Gain 1 Satur 100.tif,93,1271,131.1543289325507
L23-1 Cryo Exp 15 ms Gain 1 Satur 100.tif,94,543,86.52691193458118
L23-1 Cryo Exp 15 ms Gain 1 Satur 100.tif,95,864,107.49747468305833
L23-1 Cryo Exp 15 ms Gain 1 Satur 100.tif,96,994,117.9827560572969
L23-1 Cryo Exp 15 ms Gain 1 Satur 100.tif,97,1154,126.81118318204308
L23-1 Cryo Exp 15 ms Gain 1 Satur 100.tif,98,927,115.1543289325507
L23-1 Cryo Exp 15 ms Gain 1 Satur 100.tif,99,460,81.01219330881975
L23-1 Cryo Exp 15 ms Gain 1 Satur 100.tif,100,936,112.32590180780451
L23-1 Cryo Exp 15 ms Gain 1 Satur 100.tif,101,915,110.91168824543142
L23-1 Cryo Exp 15 ms Gain 1 Satur 100.tif,102,517,83.59797974644667
L23-1 Cryo Exp 15 ms Gain 1 Satur 100.tif,103,971,117.1543289325507
L23-1 Cryo Exp 15 ms Gain 1 Satur 100.tif,104,404,76.18376618407356
L23-1 Cryo Exp 15 ms Gain 1 Satur 100.tif,105,1001,115.74011537017762
L23-1 Cryo Exp 15 ms Gain 1 Satur 100.tif,106,994,116.08326112068524
L23-1 Cryo Exp 15 ms Gain 1 Satur 100.tif,107,1040,119.7401153701776
L23-1 Cryo Exp 15 ms Gain 1 Satur 100.tif,108,271,60.8700576850888
L23-1 Cryo Exp 15 ms Gain 1 Satur 100.tif,109,974,115.39696961966999
L23-1 Cryo Exp 15 ms Gain 1 Satur 100.tif,110,1128,124.22539674441619
L23-1 Cryo Exp 15 ms Gain 1 Satur 100.tif,111,319,65.11269837220809
L23-1 Cryo Exp 15 ms Gain 1 Satur 100.tif,112,1217,128.81118318204307
L23-1 Cryo Exp 15 ms Gain 1 Satur 100.tif,113,1040,119.74011537017762
L23-1 Cryo Exp 15 ms Gain 1 Satur 100.tif,114,858,110.32590180780451
L23-1 Cryo Exp 15 ms Gain 1 Satur 100.tif,115,778,106.91168824543144
L23-1 Cryo Exp 15 ms Gain 1 Satur 100.tif,116,1023,119.39696961966999
L23-1 Cryo Exp 15 ms Gain 1 Satur 100.tif,117,363,72.2842712474619
L23-1 Cryo Exp 15 ms Gain 1 Satur 100.tif,118,376,70.76955262170047
L23-1 Cryo Exp 15 ms Gain 1 Satur 100.tif,119,276,61.4558441227157
L23-1 Cryo Exp 15 ms Gain 1 Satur 100.tif,120,834,110.18376618407356
L23-1 Cryo Exp 15 ms Gain 1 Satur 100.tif,121,250,57.698484809834994
L23-1 Cryo Exp 15 ms Gain 1 Satur 100.tif,122,564,89.59797974644667
L23-1 Cryo Exp 15 ms Gain 1 Satur 100.tif,123,1016,119.9827560572969
L23-1 Cryo Exp 15 ms Gain 1 Satur 100.tif,124,417,77.94112549695429
L23-1 Cryo Exp 15 ms Gain 1 Satur 100.tif,125,773,102.08326112068522
L23-1 Cryo Exp 15 ms Gain 1 Satur 100.tif,126,578,92.66904755831214
L23-1 Cryo Exp 15 ms Gain 1 Satur 100.tif,127,234,56.2842712474619
L23-1 Cryo Exp 15 ms Gain 1 Satur 100.tif,128,1151,129.88225099390857
L23-1 Cryo Exp 15 ms Gain 1 Satur 100.tif,129,1024,121.63961030678928
L23-1 Cryo Exp 15 ms Gain 1 Satur 100.tif,130,1049,122.08326112068522
L23-1 Cryo Exp 15 ms Gain 1 Satur 100.tif,131,436,76.52691193458118
L23-1 Cryo Exp 15 ms Gain 1 Satur 100.tif,132,216,53.45584412271572
L23-1 Cryo Exp 15 ms Gain 1 Satur 100.tif,133,656,98.5685424949238
L23-1 Cryo Exp 15 ms Gain 1 Satur 100.tif,134,500,81.94112549695427
L23-1 Cryo Exp 15 ms Gain 1 Satur 100.tif,135,1226,130.22539674441617
L23-1 Cryo Exp 15 ms Gain 1 Satur 100.tif,136,1118,125.59797974644667
L23-1 Cryo Exp 15 ms Gain 1 Satur 100.tif,137,576,101.69848480983501
L23-1 Cryo Exp 15 ms Gain 1 Satur 100.tif,138,968,125.29646455628165
L23-1 Cryo Exp 15 ms Gain 1 Satur 100.tif,139,420,81.49747468305833
L23-1 Cryo Exp 15 ms Gain 1 Satur 100.tif,140,112,40.14213562373095
L23-1 Cryo Exp 15 ms Gain 1 Satur 100.tif,141,1446,141.0538238691624
L23-1 Cryo Exp 15 ms Gain 1 Satur 100.tif,142,1373,137.63961030678928
L23-1 Cryo Exp 15 ms Gain 1 Satur 100.tif,143,1193,127.39696961966999
L23-1 Cryo Exp 15 ms Gain 1 Satur 100.tif,144,350,71.11269837220809
L23-1 Cryo Exp 15 ms Gain 1 Satur 100.tif,145,423,81.35533905932738
L23-1 Cryo Exp 15 ms Gain 1 Satur 100.tif,146,861,108.08326112068522
L23-1 Cryo Exp 15 ms Gain 1 Satur 100.tif,147,366,71.94112549695429
L23-1 Cryo Exp 15 ms Gain 1 Satur 100.tif,148,247,57.45584412271571
L23-1 Cryo Exp 15 ms Gain 1 Satur 100.tif,149,918,112.5685424949238
L23-1 Cryo Exp 15 ms Gain 1 Satur 100.tif,150,779,112.5685424949238
L23-1 Cryo Exp 15 ms Gain 1 Satur 100.tif,151,350,69.11269837220809
L23-1 Cryo Exp 15 ms Gain 1 Satur 100.tif,152,1284,138.36753236814712
L23-1 Cryo Exp 15 ms Gain 1 Satur 100.tif,153,428,80.18376618407356
L23-1 Cryo Exp 15 ms Gain 1 Satur 100.tif,154,428,76.76955262170047
L23-1 Cryo Exp 15 ms Gain 1 Satur 100.tif,155,856,110.32590180780451
L23-1 Cryo Exp 15 ms Gain 1 Satur 100.tif,156,495,79.94112549695427
L23-1 Cryo Exp 15 ms Gain 1 Satur 100.tif,157,519,83.35533905932738
L23-1 Cryo Exp 15 ms Gain 1 Satur 100.tif,158,677,101.74011537017762
L23-1 Cryo Exp 15 ms Gain 1 Satur 100.tif,159,654,94.42640687119285
L23-1 Cryo Exp 15 ms Gain 1 Satur 100.tif,160,509,87.25483399593904
L23-1 Cryo Exp 15 ms Gain 1 Satur 100.tif,161,657,99.59797974644665
L23-1 Cryo Exp 15 ms Gain 1 Satur 100.tif,162,434,79.25483399593904
L23-1 Cryo Exp 15 ms Gain 1 Satur 100.tif,163,725,98.08326112068524
L23-1 Cryo Exp 15 ms Gain 1 Satur 100.tif,164,790,112.18376618407356
L23-1 Cryo Exp 15 ms Gain 1 Satur 100.tif,165,1352,141.88225099390854
L23-1 Cryo Exp 15 ms Gain 1 Satur 100.tif,166,323,69.45584412271572
L23-1 Cryo Exp 15 ms Gain 1 Satur 100.tif,167,1017,117.9827560572969
L23-1 Cryo Exp 15 ms Gain 1 Satur 100.tif,168,682,99.25483399593904
L23-1 Cryo Exp 15 ms Gain 1 Satur 100.tif,169,428,79.35533905932738
L23-1 Cryo Exp 15 ms Gain 1 Satur 100.tif,170,278,63.45584412271571
L23-1 Cryo Exp 15 ms Gain 1 Satur 100.tif,171,434,79.59797974644667
L23-1 Cryo Exp 15 ms Gain 1 Satur 100.tif,172,792,110.32590180780451
L23-1 Cryo Exp 15 ms Gain 1 Satur 100.tif,173,522,101.73401871576773
L23-1 Cryo Exp 15 ms Gain 1 Satur 100.tif,174,958,114.32590180780451
L23-1 Cryo Exp 15 ms Gain 1 Satur 100.tif,175,719,101.74011537017762
L23-1 Cryo Exp 15 ms Gain 1 Satur 100.tif,176,223,65.79898987322333
L23-1 Cryo Exp 15 ms Gain 1 Satur 100.tif,177,986,117.39696961966999
L23-1 Cryo Exp 15 ms Gain 1 Satur 100.tif,178,971,115.39696961966999
L23-1 Cryo Exp 15 ms Gain 1 Satur 100.tif,179,308,72.76955262170047
L23-1 Cryo Exp 15 ms Gain 1 Satur 100.tif,180,124,39.798989873223334
L23-1 Cryo Exp 15 ms Gain 1 Satur 100.tif,181,461,79.84062043356595
L23-1 Cryo Exp 15 ms Gain 1 Satur 100.tif,182,317,66.18376618407356
L23-1 Cryo Exp 15 ms Gain 1 Satur 100.tif,183,1450,141.78174593052023
L23-1 Cryo Exp 15 ms Gain 1 Satur 100.tif,184,660,94.42640687119285
L23-1 Cryo Exp 15 ms Gain 1 Satur 100.tif,185,355,70.18376618407356
L23-1 Cryo Exp 15 ms Gain 1 Satur 100.tif,186,273,76.38477631085024
L23-1 Cryo Exp 15 ms Gain 1 Satur 100.tif,187,846,109.7401153701776
L23-1 Cryo Exp 15 ms Gain 1 Satur 100.tif,188,1123,135.61017305526642
L23-1 Cryo Exp 15 ms Gain 1 Satur 100.tif,189,844,110.5685424949238
L23-1 Cryo Exp 15 ms Gain 1 Satur 100.tif,190,387,73.94112549695427
L23-1 Cryo Exp 15 ms Gain 1 Satur 100.tif,191,1256,137.1959594928933
L23-1 Cryo Exp 15 ms Gain 1 Satur 100.tif,192,264,63.4558441227157
L23-1 Cryo Exp 15 ms Gain 1 Satur 100.tif,193,1277,133.9827560572969
L23-1 Cryo Exp 15 ms Gain 1 Satur 100.tif,194,744,104.66904755831214
L23-1 Cryo Exp 15 ms Gain 1 Satur 100.tif,195,305,68.18376618407356
L23-1 Cryo Exp 15 ms Gain 1 Satur 100.tif,196,556,87.01219330881975
L23-1 Cryo Exp 15 ms Gain 1 Satur 100.tif,197,373,72.5269119345812
L23-1 Cryo Exp 15 ms Gain 1 Satur 100.tif,198,1023,130.3259018078045
L23-1 Cryo Exp 15 ms Gain 1 Satur 100.tif,199,820,107.25483399593904
L23-1 Cryo Exp 15 ms Gain 1 Satur 100.tif,200,520,86.66904755831214
L23-1 Cryo Exp 15 ms Gain 1 Satur 100.tif,201,676,99.84062043356595
L23-1 Cryo Exp 15 ms Gain 1 Satur 100.tif,202,548,87.59797974644667
L23-1 Cryo Exp 15 ms Gain 1 Satur 100.tif,203,580,98.08326112068522
L23-1 Cryo Exp 15 ms Gain 1 Satur 100.tif,204,1022,118.5685424949238
L23-1 Cryo Exp 15 ms Gain 1 Satur 100.tif,205,1182,126.5685424949238
L23-1 Cryo Exp 15 ms Gain 1 Satur 100.tif,206,469,82.76955262170047
L23-1 Cryo Exp 15 ms Gain 1 Satur 100.tif,207,1183,141.53910524340094
L23-1 Cryo Exp 15 ms Gain 1 Satur 100.tif,208,399,72.76955262170047
L23-1 Cryo Exp 15 ms Gain 1 Satur 100.tif,209,1152,129.29646455628165
L23-1 Cryo Exp 15 ms Gain 1 Satur 100.tif,210,901,110.66904755831213
L23-1 Cryo Exp 15 ms Gain 1 Satur 100.tif,211,671,98.66904755831213
